lon,lat,year,detections,mean_volume,mean_temp,mean_dtc_freq,mean_clr_obs,detections_total,first_year,last_year
42.262807,36.917216,2012,1,0.00288813,1876.77,17.8363,342,3,2012,2016
42.262807,36.917216,2013,1,0.001777242,1876.77,10.3015,398,3,2012,2016
42.262807,36.917216,2016,1,0.0035405,1876.77,15.0259,386,3,2012,2016
42.597602,36.721903,2012,1,0.028375839,1647.72,93.5103,339,3,2012,2014
42.597602,36.721903,2013,1,0.022258527,1647.72,78.2178,404,3,2012,2014
42.597602,36.721903,2014,1,0.003026265,1647.72,13.1387,411,3,2012,2014
42.669299,36.458896,2012,1,0.032151515,1592.75,77.6119,335,3,2012,2014
42.669299,36.458896,2013,1,0.021543517,1592.75,52.4934,381,3,2012,2014
42.669299,36.458896,2014,1,0.003928048,1592.75,10.1781,393,3,2012,2014
42.792279,37.13359,2012,1,0.001573679,1792.28,9.63855,332,3,2012,2016
42.792279,37.13359,2015,1,0.011092176,1792.28,39.895,381,3,2012,2016
42.792279,37.13359,2016,1,0.016778204,1792.28,53.8462,377,3,2012,2016
43.058779,36.805942,2014,1,0.002183212,1823.28,4.87179,390,2,2014,2015
43.058779,36.805942,2015,1,0.002699378,1823.28,4.07609,368,2,2014,2015
43.275134,35.800158,2012,1,0.009462732,1429.03,52.6946,334,5,2012,2016
43.275134,35.800158,2013,1,0.026859198,1429.03,70.0252,397,5,2012,2016
43.275134,35.800158,2014,1,0.004677635,1429.03,11.2821,390,5,2012,2016
43.275134,35.800158,2015,1,0.013163089,1429.03,51.269,394,5,2012,2016
43.275134,35.800158,2016,1,0.041890253,1429.03,56.2842,366,5,2012,2016
43.276449,36.731948,2013,1,0.001333248,1738.15,8.3558,371,2,2013,2016
43.276449,36.731948,2016,1,0.007737392,1738.15,20.6434,373,2,2013,2016
43.324713,36.775917,2012,1,0.012016208,1770.04,28.8462,312,5,2012,2016
43.324713,36.775917,2013,1,0.018460924,1770.04,27.2,375,5,2012,2016
43.324713,36.775917,2014,1,0.118080368,1770.04,96.5879,381,5,2012,2016
43.324713,36.775917,2015,1,0.140318201,1770.04,87.6676,373,5,2012,2016
43.324713,36.775917,2016,1,0.143367097,1770.04,88.2514,366,5,2012,2016
43.390712,36.906852,2014,1,0.004586582,1954.19,20.5333,375,3,2014,2016
43.390712,36.906852,2015,1,0.012520786,1954.19,56.9106,369,3,2014,2016
43.390712,36.906852,2016,1,0.002514531,1954.19,10.4396,364,3,2014,2016
43.430099,36.892372,2012,1,0.009015745,1791.67,12.6582,316,3,2012,2016
43.430099,36.892372,2015,1,0.008542193,1791.67,7.98898,363,3,2012,2016
43.430099,36.892372,2016,1,0.060464832,1791.67,69.3989,366,3,2012,2016
43.432295,34.911243,2012,1,0.036768155,1629.14,86.6013,306,3,2012,2014
43.432295,34.911243,2013,1,0.020828948,1629.14,68.2292,384,3,2012,2014
43.432295,34.911243,2014,1,0.005956634,1629.14,19.2802,389,3,2012,2014
43.492053,35.001888,2012,1,0.127845524,1584.84,99.0385,312,4,2012,2015
43.492053,35.001888,2013,1,0.104050514,1584.84,99.7382,382,4,2012,2015
43.492053,35.001888,2014,1,0.063383988,1584.84,68.0628,382,4,2012,2015
43.492053,35.001888,2015,1,0.018937499,1584.84,36.0743,377,4,2012,2015
43.49934,36.747038,2014,1,0.050957102,1750.02,55.409,379,3,2014,2016
43.49934,36.747038,2015,1,0.118075671,1750.02,89.3733,367,3,2014,2016
43.49934,36.747038,2016,1,0.080528781,1750.02,91.0326,368,3,2014,2016
43.501162,35.020812,2012,1,0.048756214,1630.14,80.4487,312,4,2012,2015
43.501162,35.020812,2013,1,0.050146959,1630.14,89.2031,389,4,2012,2015
43.501162,35.020812,2014,1,0.028343286,1630.14,38.1201,383,4,2012,2015
43.501162,35.020812,2015,1,0.018262409,1630.14,33.3333,369,4,2012,2015
43.594704,36.470548,2012,1,0.005695157,1663.49,8.02469,324,3,2012,2014
43.594704,36.470548,2013,1,0.023083816,1663.49,48.3204,387,3,2012,2014
43.594704,36.470548,2014,1,0.007670203,1663.49,23.7245,392,3,2012,2014
43.716958,35.981215,2013,1,0.003594568,1467.24,6.31068,412,2,2013,2014
43.716958,35.981215,2014,1,0.006580502,1467.24,8.47059,425,2,2013,2014
43.721332,36.203628,2014,1,0.011849659,1822.97,34.7087,412,3,2014,2016
43.721332,36.203628,2015,1,0.022932325,1822.97,59.1022,401,3,2014,2016
43.721332,36.203628,2016,1,0.033549598,1822.97,77.25,400,3,2014,2016
43.727922,35.953803,2013,1,0.002875969,1566.84,6.11247,409,4,2013,2016
43.727922,35.953803,2014,1,0.010581375,1566.84,15.8273,417,4,2013,2016
43.727922,35.953803,2015,1,0.021988861,1566.84,47.3945,403,4,2013,2016
43.727922,35.953803,2016,1,0.071508604,1566.84,98.2587,402,4,2013,2016
43.74793,36.313905,2012,1,0.034954139,1785,88.3582,335,5,2012,2016
43.74793,36.313905,2013,1,0.030355405,1785,71.7822,404,5,2012,2016
43.74793,36.313905,2014,1,0.057369264,1785,97.5186,403,5,2012,2016
43.74793,36.313905,2015,1,0.03041323,1785,75,392,5,2012,2016
43.74793,36.313905,2016,1,0.034539969,1785,84.3902,410,5,2012,2016
43.756883,34.898353,2012,1,0.002637129,1394.56,6.07903,329,3,2012,2015
43.756883,34.898353,2013,1,0.001413012,1394.56,3.5443,395,3,2012,2015
43.756883,34.898353,2015,1,0.01308228,1394.56,24.75,400,3,2012,2015
43.769292,35.980914,2012,1,0.274041076,1713.3,98.827,341,5,2012,2016
43.769292,35.980914,2013,1,0.488982821,1713.3,100,398,5,2012,2016
43.769292,35.980914,2014,1,0.468858404,1713.3,99.7625,421,5,2012,2016
43.769292,35.980914,2015,1,0.319178651,1713.3,99.7462,394,5,2012,2016
43.769292,35.980914,2016,1,0.231200079,1713.3,98.7277,393,5,2012,2016
43.771967,36.143358,2014,1,0.002772297,1651.5,9.87952,415,3,2014,2016
43.771967,36.143358,2015,1,0.012240994,1651.5,37.3402,391,3,2014,2016
43.771967,36.143358,2016,1,0.007573309,1651.5,20.3562,393,3,2014,2016
43.772987,36.15708,2014,1,0.005400013,1733.39,17.1913,413,3,2014,2016
43.772987,36.15708,2015,1,0.010791249,1733.39,35.1899,395,3,2014,2016
43.772987,36.15708,2016,1,0.001419129,1733.39,5.42636,387,3,2014,2016
43.789665,36.132338,2014,1,0.000783191,1747.03,4.60048,413,3,2014,2016
43.789665,36.132338,2015,1,0.008836545,1747.03,25.8312,391,3,2014,2016
43.789665,36.132338,2016,1,0.019075634,1747.03,57.868,394,3,2014,2016
43.808546,34.895316,2012,1,0.267373248,1632.67,98.7179,312,4,2012,2015
43.808546,34.895316,2013,1,0.252407328,1632.67,99.4937,395,4,2012,2015
43.808546,34.895316,2014,1,0.088608195,1632.67,67.9901,403,4,2012,2015
43.808546,34.895316,2015,1,0.019585789,1632.67,9.77444,399,4,2012,2015
43.863881,34.890365,2012,1,0.000744577,1658.59,4.11765,340,3,2012,2016
43.863881,34.890365,2015,1,0.080492971,1658.59,30.75,400,3,2012,2016
43.863881,34.890365,2016,1,0.227024321,1658.59,99.7396,384,3,2012,2016
43.875878,34.886336,2015,1,0.053729199,1634.32,30.8458,402,2,2015,2016
43.875878,34.886336,2016,1,0.158792392,1634.32,99.7416,387,2,2015,2016
43.876447,35.685305,2012,1,0.329948267,1696.69,98.4894,331,5,2012,2016
43.876447,35.685305,2013,1,0.244024991,1696.69,93.8931,393,5,2012,2016
43.876447,35.685305,2014,1,0.112888116,1696.69,48.2412,398,5,2012,2016
43.876447,35.685305,2015,1,0.261608906,1696.69,87.3995,373,5,2012,2016
43.876447,35.685305,2016,1,0.419815412,1696.69,93.6869,396,5,2012,2016
43.893816,34.875339,2015,1,0.049035948,1728.02,33.5821,402,2,2015,2016
43.893816,34.875339,2016,1,0.125071665,1728.02,99.7403,385,2,2015,2016
43.948925,35.814219,2012,1,0.07195477,1739.57,97.5758,330,5,2012,2016
43.948925,35.814219,2013,1,0.057152346,1739.57,95.443,395,5,2012,2016
43.948925,35.814219,2014,1,0.028332103,1739.57,48.7437,398,5,2012,2016
43.948925,35.814219,2015,1,0.056982979,1739.57,94.2708,384,5,2012,2016
43.948925,35.814219,2016,1,0.052661337,1739.57,93.75,384,5,2012,2016
43.965827,35.662282,2012,1,0.127589272,1742.71,99.6904,323,5,2012,2016
43.965827,35.662282,2013,1,0.086142249,1742.71,97.1429,385,5,2012,2016
43.965827,35.662282,2014,1,0.072155838,1742.71,92.0398,402,5,2012,2016
43.965827,35.662282,2015,1,0.078166158,1742.71,91.8478,368,5,2012,2016
43.965827,35.662282,2016,1,0.180032516,1742.71,92.7273,385,5,2012,2016
43.995527,35.772654,2012,1,0.065887799,1691.32,96.6258,326,5,2012,2016
43.995527,35.772654,2013,1,0.068666353,1691.32,98.4293,382,5,2012,2016
43.995527,35.772654,2014,1,0.042745893,1691.32,87.5931,403,5,2012,2016
43.995527,35.772654,2015,1,0.085421046,1691.32,98.4127,378,5,2012,2016
43.995527,35.772654,2016,1,0.077261792,1691.32,94.7507,381,5,2012,2016
44.00867,35.629093,2012,1,0.218985708,1738.04,99.0798,326,5,2012,2016
44.00867,35.629093,2013,1,0.26551579,1738.04,99.7389,383,5,2012,2016
44.00867,35.629093,2014,1,0.077899046,1738.04,70.3518,398,5,2012,2016
44.00867,35.629093,2015,1,0.337227811,1738.04,95.4178,371,5,2012,2016
44.00867,35.629093,2016,1,0.261166556,1738.04,86.7684,393,5,2012,2016
44.031339,34.86095,2014,1,0.006616548,1326.74,21.4834,391,3,2014,2016
44.031339,34.86095,2015,1,0.092504512,1326.74,67.7003,387,3,2014,2016
44.031339,34.86095,2016,1,0.131544589,1326.74,99.7368,380,3,2014,2016
44.034543,34.841835,2015,1,0.004472517,1393.74,18.4615,390,2,2015,2016
44.034543,34.841835,2016,1,0.026611224,1393.74,95.8333,384,2,2015,2016
44.036682,35.726881,2012,1,0.090207346,1644.65,98.4326,319,5,2012,2016
44.036682,35.726881,2013,1,0.058935834,1644.65,97.1722,389,5,2012,2016
44.036682,35.726881,2014,1,0.079736837,1644.65,96.3918,388,5,2012,2016
44.036682,35.726881,2015,1,0.247174568,1644.65,100,370,5,2012,2016
44.036682,35.726881,2016,1,0.179408178,1644.65,99.4681,376,5,2012,2016
44.067273,35.677565,2012,1,0.014223319,1667.04,77.7419,310,5,2012,2016
44.067273,35.677565,2013,1,0.02341753,1667.04,95.2756,381,5,2012,2016
44.067273,35.677565,2014,1,0.021241298,1667.04,92.7861,402,5,2012,2016
44.067273,35.677565,2015,1,0.022319405,1667.04,96.5608,378,5,2012,2016
44.067273,35.677565,2016,1,0.025473766,1667.04,94.723,379,5,2012,2016
44.071576,36.690793,2014,1,0.001146552,1914.21,4.81013,395,2,2014,2015
44.071576,36.690793,2015,1,0.008866191,1914.21,33.871,372,2,2014,2015
44.075188,35.688691,2012,1,0.028849625,1689.05,94.4984,309,5,2012,2016
44.075188,35.688691,2013,1,0.029174798,1689.05,93.5567,388,5,2012,2016
44.075188,35.688691,2014,1,0.023304345,1689.05,71.1779,399,5,2012,2016
44.075188,35.688691,2015,1,0.035890207,1689.05,98.6737,377,5,2012,2016
44.075188,35.688691,2016,1,0.027994954,1689.05,94.832,387,5,2012,2016
44.115168,36.03603,2013,1,0.001110823,1739.67,4.34783,391,2,2013,2015
44.115168,36.03603,2015,1,0.000688061,1739.67,3.10078,387,2,2013,2015
44.127629,34.779063,2015,1,0.015272454,1390.39,18.5279,394,2,2015,2016
44.127629,34.779063,2016,1,0.007464409,1390.39,37.3711,388,2,2015,2016
44.155541,35.487234,2012,1,0.334703453,1707.91,98.4227,317,5,2012,2016
44.155541,35.487234,2013,1,0.314529136,1707.91,98.6911,382,5,2012,2016
44.155541,35.487234,2014,1,0.0802875,1707.91,49.7368,380,5,2012,2016
44.155541,35.487234,2015,1,0.137174201,1707.91,91.3043,345,5,2012,2016
44.155541,35.487234,2016,1,0.115301226,1707.91,99.1979,374,5,2012,2016
44.19168,35.416288,2012,1,0.084975761,1600.85,91.9872,312,5,2012,2016
44.19168,35.416288,2013,1,0.052415652,1600.85,98.6807,379,5,2012,2016
44.19168,35.416288,2014,1,0.027053339,1600.85,90.8616,383,5,2012,2016
44.19168,35.416288,2015,1,0.024674778,1600.85,88.4298,363,5,2012,2016
44.19168,35.416288,2016,1,0.02539102,1600.85,87.3684,380,5,2012,2016
44.217423,35.385199,2012,1,0.096141936,1629.24,98.7055,309,5,2012,2016
44.217423,35.385199,2013,1,0.09019766,1629.24,98.4043,376,5,2012,2016
44.217423,35.385199,2014,1,0.075592194,1629.24,99.2188,384,5,2012,2016
44.217423,35.385199,2015,1,0.074456526,1629.24,99.1573,356,5,2012,2016
44.217423,35.385199,2016,1,0.078223397,1629.24,99.4737,380,5,2012,2016
44.219925,35.418277,2012,1,0.080230261,1711.58,97.0968,310,4,2012,2015
44.219925,35.418277,2013,1,0.061029583,1711.58,98.6807,379,4,2012,2015
44.219925,35.418277,2014,1,0.060180695,1711.58,97.6127,377,4,2012,2015
44.219925,35.418277,2015,1,0.052816614,1711.58,90.7781,347,4,2012,2015
44.223517,35.407777,2012,1,0.068525166,1700.86,97.3856,306,4,2012,2015
44.223517,35.407777,2013,1,0.083887058,1700.86,98.1183,372,4,2012,2015
44.223517,35.407777,2014,1,0.060454265,1700.86,98.6631,374,4,2012,2015
44.223517,35.407777,2015,1,0.084473825,1700.86,99.1304,345,4,2012,2015
44.250047,35.583092,2012,1,0.073777298,1745.43,97.7918,317,5,2012,2016
44.250047,35.583092,2013,1,0.040279361,1745.43,91.5567,379,5,2012,2016
44.250047,35.583092,2014,1,0.006152624,1745.43,15.9794,388,5,2012,2016
44.250047,35.583092,2015,1,0.028793708,1745.43,76.5172,379,5,2012,2016
44.250047,35.583092,2016,1,0.049350025,1745.43,90.7407,378,5,2012,2016
44.252431,32.228458,2012,1,0.020701585,1643.7,70.6745,341,5,2012,2016
44.252431,32.228458,2013,1,0.024186402,1643.7,77.193,399,5,2012,2016
44.252431,32.228458,2014,1,0.025145189,1643.7,78.7724,391,5,2012,2016
44.252431,32.228458,2015,1,0.020128673,1643.7,69.8734,395,5,2012,2016
44.252431,32.228458,2016,1,0.02213451,1643.7,70.8333,384,5,2012,2016
44.261739,33.44419,2013,1,0.003454613,1599.93,11.2565,382,4,2013,2016
44.261739,33.44419,2014,1,0.002425242,1599.93,11.4754,366,4,2013,2016
44.261739,33.44419,2015,1,0.006064623,1599.93,18.1818,385,4,2013,2016
44.261739,33.44419,2016,1,0.002380875,1599.93,8.8,375,4,2013,2016
44.268455,35.556386,2012,1,0.096046538,1697.27,98.4472,322,5,2012,2016
44.268455,35.556386,2013,1,0.10428798,1697.27,98.1333,375,5,2012,2016
44.268455,35.556386,2014,1,0.080749809,1697.27,97.7157,394,5,2012,2016
44.268455,35.556386,2015,1,0.070304251,1697.27,99.4667,375,5,2012,2016
44.268455,35.556386,2016,1,0.036523057,1697.27,61.1702,376,5,2012,2016
44.284919,35.563698,2012,1,0.057620233,1731.81,96.5079,315,5,2012,2016
44.284919,35.563698,2013,1,0.052353424,1731.81,89.9743,389,5,2012,2016
44.284919,35.563698,2014,1,0.029004492,1731.81,82.8283,396,5,2012,2016
44.284919,35.563698,2015,1,0.030971818,1731.81,90.4393,387,5,2012,2016
44.284919,35.563698,2016,1,0.054016858,1731.81,96.8,375,5,2012,2016
44.292391,32.840023,2012,1,0.017888217,1566.04,54.2056,321,5,2012,2016
44.292391,32.840023,2013,1,0.018422442,1566.04,54.7315,391,5,2012,2016
44.292391,32.840023,2014,1,0.016211867,1566.04,47.0745,376,5,2012,2016
44.292391,32.840023,2015,1,0.015896381,1566.04,49.6063,381,5,2012,2016
44.292391,32.840023,2016,1,0.009125584,1566.04,40.7895,380,5,2012,2016
44.339975,35.530549,2012,1,0.335490114,1693.67,99.6894,322,5,2012,2016
44.339975,35.530549,2013,1,0.198551617,1693.67,100,382,5,2012,2016
44.339975,35.530549,2014,1,0.112931852,1693.67,98.2234,394,5,2012,2016
44.339975,35.530549,2015,1,0.095826391,1693.67,100,377,5,2012,2016
44.339975,35.530549,2016,1,0.115904723,1693.67,98.6667,375,5,2012,2016
44.344495,33.488527,2012,1,0.14593343,1724.2,97.7679,224,5,2012,2016
44.344495,33.488527,2013,1,0.177342901,1724.2,100,370,5,2012,2016
44.344495,33.488527,2014,1,0.196823313,1724.2,99.7245,363,5,2012,2016
44.344495,33.488527,2015,1,0.206503051,1724.2,99.1453,351,5,2012,2016
44.344495,33.488527,2016,1,0.191903456,1724.2,100,361,5,2012,2016
44.37475,35.511452,2012,1,0.085183287,1723.13,98.1191,319,5,2012,2016
44.37475,35.511452,2013,1,0.062849763,1723.13,99.4778,383,5,2012,2016
44.37475,35.511452,2014,1,0.038783825,1723.13,87.1795,390,5,2012,2016
44.37475,35.511452,2015,1,0.030335738,1723.13,91.3386,381,5,2012,2016
44.37475,35.511452,2016,1,0.027235709,1723.13,77.3087,379,5,2012,2016
44.419953,35.459265,2012,1,0.067071311,1724.93,97.2477,327,5,2012,2016
44.419953,35.459265,2013,1,0.055668552,1724.93,92.6121,379,5,2012,2016
44.419953,35.459265,2014,1,0.006931095,1724.93,15.6962,395,5,2012,2016
44.419953,35.459265,2015,1,0.050589015,1724.93,88.8889,387,5,2012,2016
44.419953,35.459265,2016,1,0.059316836,1724.93,83.3773,379,5,2012,2016
44.429826,35.247283,2012,1,0.081562007,1721.18,98.4568,324,5,2012,2016
44.429826,35.247283,2013,1,0.060071502,1721.18,97.6923,390,5,2012,2016
44.429826,35.247283,2014,1,0.043866004,1721.18,96.6581,389,5,2012,2016
44.429826,35.247283,2015,1,0.050752805,1721.18,98.7047,386,5,2012,2016
44.429826,35.247283,2016,1,0.039160424,1721.18,96.3918,388,5,2012,2016
44.431127,33.282421,2012,1,0.040995867,1721.44,76.9968,313,5,2012,2016
44.431127,33.282421,2013,1,0.043824029,1721.44,78.1818,385,5,2012,2016
44.431127,33.282421,2014,1,0.046703558,1721.44,81.3187,364,5,2012,2016
44.431127,33.282421,2015,1,0.034695246,1721.44,71.8016,383,5,2012,2016
44.431127,33.282421,2016,1,0.026882798,1721.44,68.8172,372,5,2012,2016
44.495846,36.018535,2012,1,0.002329662,1534.52,5.14469,311,4,2012,2015
44.495846,36.018535,2013,1,0.003166954,1534.52,11.3208,371,4,2012,2015
44.495846,36.018535,2014,1,0.016678609,1534.52,62.5323,387,4,2012,2015
44.495846,36.018535,2015,1,0.004953788,1534.52,19.1489,376,4,2012,2015
44.519643,36.007919,2012,1,0.074406626,1751.99,97.4026,308,5,2012,2016
44.519643,36.007919,2013,1,0.070505906,1751.99,96.6942,363,5,2012,2016
44.519643,36.007919,2014,1,0.098772258,1751.99,97.6684,386,5,2012,2016
44.519643,36.007919,2015,1,0.088355759,1751.99,99.4667,375,5,2012,2016
44.519643,36.007919,2016,1,0.041498684,1751.99,94.4591,379,5,2012,2016
44.55916,31.519756,2012,1,0.017871369,1715.96,79.5322,342,5,2012,2016
44.55916,31.519756,2013,1,0.021459685,1715.96,92,400,5,2012,2016
44.55916,31.519756,2014,1,0.021537734,1715.96,89.6465,396,5,2012,2016
44.55916,31.519756,2015,1,0.020559575,1715.96,86.6834,398,5,2012,2016
44.55916,31.519756,2016,1,0.022878403,1715.96,87.8553,387,5,2012,2016
44.568493,35.124166,2012,1,0.08374587,1687.31,97.5155,322,5,2012,2016
44.568493,35.124166,2013,1,0.075144854,1687.31,98.961,385,5,2012,2016
44.568493,35.124166,2014,1,0.079639679,1687.31,98.6911,382,5,2012,2016
44.568493,35.124166,2015,1,0.068912625,1687.31,99.4898,392,5,2012,2016
44.568493,35.124166,2016,1,0.066809776,1687.31,98.9583,384,5,2012,2016
44.825691,35.137798,2012,1,0.186602305,1777.13,97.5684,329,5,2012,2016
44.825691,35.137798,2013,1,0.236947396,1777.13,99.7396,384,5,2012,2016
44.825691,35.137798,2014,1,0.113022259,1777.13,89.1414,396,5,2012,2016
44.825691,35.137798,2015,1,0.034369721,1777.13,75.827,393,5,2012,2016
44.825691,35.137798,2016,1,0.028229661,1777.13,38.1443,388,5,2012,2016
44.838701,33.41051,2012,1,0.001525023,1434.26,9.03427,321,4,2012,2015
44.838701,33.41051,2013,1,0.003064512,1434.26,15.1351,370,4,2012,2015
44.838701,33.41051,2014,1,0.00367796,1434.26,17.6471,357,4,2012,2015
44.838701,33.41051,2015,1,0.005366873,1434.26,25.4144,362,4,2012,2015
44.840757,33.394496,2012,1,0.001162546,1358.34,7.05521,326,4,2012,2015
44.840757,33.394496,2013,1,0.003314952,1358.34,16.2667,375,4,2012,2015
44.840757,33.394496,2014,1,0.005759352,1358.34,29.1553,367,4,2012,2015
44.840757,33.394496,2015,1,0.006698325,1358.34,34.153,366,4,2012,2015
45.01597,35.677798,2012,1,0.000747823,1842.96,4.14013,314,5,2012,2016
45.01597,35.677798,2013,1,0.032454438,1842.96,42.2164,379,5,2012,2016
45.01597,35.677798,2014,1,0.016674559,1842.96,44.7368,380,5,2012,2016
45.01597,35.677798,2015,1,0.011021142,1842.96,33.1536,371,5,2012,2016
45.01597,35.677798,2016,1,0.017726482,1842.96,45.5959,386,5,2012,2016
45.150464,34.754042,2012,1,0.03327779,1730.03,25.9819,331,3,2012,2016
45.150464,34.754042,2015,1,0.119478158,1730.03,85.4545,385,3,2012,2016
45.150464,34.754042,2016,1,0.111313034,1730.03,78.5146,377,3,2012,2016
45.255453,31.242206,2012,1,0.018958369,1670.58,67.0588,340,5,2012,2016
45.255453,31.242206,2013,1,0.029526183,1670.58,82.7848,395,5,2012,2016
45.255453,31.242206,2014,1,0.03362709,1670.58,85.2417,393,5,2012,2016
45.255453,31.242206,2015,1,0.036748782,1670.58,92.6509,381,5,2012,2016
45.255453,31.242206,2016,1,0.038720129,1670.58,94.3878,392,5,2012,2016
45.444878,34.04139,2012,1,0.163926819,1782.26,98.1308,321,5,2012,2016
45.444878,34.04139,2013,1,0.132357961,1782.26,99.2386,394,5,2012,2016
45.444878,34.04139,2014,1,0.103076875,1782.26,95.8333,384,5,2012,2016
45.444878,34.04139,2015,1,0.089784956,1782.26,98.7047,386,5,2012,2016
45.444878,34.04139,2016,1,0.080544338,1782.26,87.9265,381,5,2012,2016
45.445924,35.46797,2012,1,0.00101862,2038,6.25,320,2,2012,2015
45.445924,35.46797,2015,1,0.001140053,2038,5.29101,378,2,2012,2015
45.66365,32.488785,2012,1,0.612614722,1714.05,99.322,295,5,2012,2016
45.66365,32.488785,2013,1,0.626985951,1714.05,98.9333,375,5,2012,2016
45.66365,32.488785,2014,1,0.396109929,1714.05,99.723,361,5,2012,2016
45.66365,32.488785,2015,1,0.380206474,1714.05,100,347,5,2012,2016
45.66365,32.488785,2016,1,0.466791953,1714.05,100,370,5,2012,2016
45.719574,32.460585,2012,1,0.00104288,1769.88,3.93443,305,2,2012,2013
45.719574,32.460585,2013,1,0.001084209,1769.88,3.65535,383,2,2012,2013
45.96384,31.357764,2012,1,0.07694889,1733.93,65.7407,324,5,2012,2016
45.96384,31.357764,2013,1,0.1768938,1733.93,83.6735,392,5,2012,2016
45.96384,31.357764,2014,1,0.121309785,1733.93,80.8511,376,5,2012,2016
45.96384,31.357764,2015,1,0.150992126,1733.93,94.3787,338,5,2012,2016
45.96384,31.357764,2016,1,0.307816105,1733.93,100,343,5,2012,2016
46.013994,33.029697,2014,1,0.116596574,1756.02,44.4444,378,3,2014,2016
46.013994,33.029697,2015,1,0.337227811,1756.02,96.3989,361,3,2014,2016
46.013994,33.029697,2016,1,0.500964716,1756.02,99.187,369,3,2014,2016
46.064602,31.768904,2013,1,0.108913426,1768.49,32.8165,387,4,2013,2016
46.064602,31.768904,2014,1,0.371447539,1768.49,95.6164,365,4,2013,2016
46.064602,31.768904,2015,1,0.431902977,1768.49,96.988,332,4,2013,2016
46.064602,31.768904,2016,1,0.459477186,1768.49,97.832,369,4,2013,2016
46.218872,30.996476,2012,1,0.037838659,1654.6,92.1708,281,5,2012,2016
46.218872,30.996476,2013,1,0.03861622,1654.6,94.8187,386,5,2012,2016
46.218872,30.996476,2014,1,0.043513181,1654.6,96.3889,360,5,2012,2016
46.218872,30.996476,2015,1,0.037151212,1654.6,89.6936,359,5,2012,2016
46.218872,30.996476,2016,1,0.034523237,1654.6,85.2151,372,5,2012,2016
46.837681,30.352359,2012,1,0.224244592,1724.62,87.0482,332,5,2012,2016
46.837681,30.352359,2013,1,0.170613432,1724.62,64.5885,401,5,2012,2016
46.837681,30.352359,2014,1,0.182323518,1724.62,85.7895,380,5,2012,2016
46.837681,30.352359,2015,1,0.174332457,1724.62,89.5561,383,5,2012,2016
46.837681,30.352359,2016,1,0.252093544,1724.62,98.4925,398,5,2012,2016
47.061706,31.793466,2012,1,0.032074317,1708.43,88.4211,285,5,2012,2016
47.061706,31.793466,2013,1,0.054847842,1708.43,92.4242,396,5,2012,2016
47.061706,31.793466,2014,1,0.057177002,1708.43,91.5014,353,5,2012,2016
47.061706,31.793466,2015,1,0.06847145,1708.43,90.6706,343,5,2012,2016
47.061706,31.793466,2016,1,0.12550609,1708.43,98.8764,356,5,2012,2016
47.103008,30.564248,2012,1,0.200081496,1673.02,89.5706,326,5,2012,2016
47.103008,30.564248,2013,1,0.173526424,1673.02,68.25,400,5,2012,2016
47.103008,30.564248,2014,1,0.201002886,1673.02,75.1309,382,5,2012,2016
47.103008,30.564248,2015,1,0.238090402,1673.02,92.0635,378,5,2012,2016
47.103008,30.564248,2016,1,0.286192631,1673.02,100,394,5,2012,2016
47.251155,32.256515,2012,1,0.066513017,1693.73,96.1131,283,5,2012,2016
47.251155,32.256515,2013,1,0.113525076,1693.73,97.2222,396,5,2012,2016
47.251155,32.256515,2014,1,0.133942142,1693.73,92.0548,365,5,2012,2016
47.251155,32.256515,2015,1,0.162316806,1693.73,94.8787,371,5,2012,2016
47.251155,32.256515,2016,1,0.192562431,1693.73,100,370,5,2012,2016
47.254806,31.693362,2013,1,0.097963583,1757.45,80.5627,391,4,2013,2016
47.254806,31.693362,2014,1,0.037912041,1757.45,70,360,4,2013,2016
47.254806,31.693362,2015,1,0.078208427,1757.45,62.4625,333,4,2013,2016
47.254806,31.693362,2016,1,0.053340565,1757.45,73.6842,361,4,2013,2016
47.28176,31.943254,2012,1,0.060893973,1713.93,91.3725,255,5,2012,2016
47.28176,31.943254,2013,1,0.072114157,1713.93,91.369,336,5,2012,2016
47.28176,31.943254,2014,1,0.037329971,1713.93,84.6154,351,5,2012,2016
47.28176,31.943254,2015,1,0.045720233,1713.93,85.7627,295,5,2012,2016
47.28176,31.943254,2016,1,0.070996688,1713.93,98.5915,284,5,2012,2016
47.283359,31.025946,2014,1,0.802552114,1681,82.4207,347,3,2014,2016
47.283359,31.025946,2015,1,1.212255418,1681,99.4444,360,3,2014,2016
47.283359,31.025946,2016,1,1.335203393,1681,100,383,3,2014,2016
47.288919,31.033604,2014,1,0.154778956,1746.42,78.8406,345,2,2014,2015
47.288919,31.033604,2015,1,0.267054768,1746.42,97.8723,282,2,2014,2015
47.29773,32.453836,2012,1,0.00881045,1816.84,54.6326,313,5,2012,2016
47.29773,32.453836,2013,1,0.009469953,1816.84,49.6164,391,5,2012,2016
47.29773,32.453836,2014,1,0.00560701,1816.84,30.1333,375,5,2012,2016
47.29773,32.453836,2015,1,0.00895243,1816.84,43.4555,382,5,2012,2016
47.29773,32.453836,2016,1,0.01324651,1816.84,63.9896,386,5,2012,2016
47.312949,30.496803,2012,1,0.346427041,1729.95,98.7578,322,5,2012,2016
47.312949,30.496803,2013,1,0.31901721,1729.95,96.01,401,5,2012,2016
47.312949,30.496803,2014,1,0.353098978,1729.95,98.9333,375,5,2012,2016
47.312949,30.496803,2015,1,0.381891336,1729.95,99.7409,386,5,2012,2016
47.312949,30.496803,2016,1,0.460489864,1729.95,100,391,5,2012,2016
47.31436,30.568219,2012,1,0.25399327,1642.36,98.1073,317,5,2012,2016
47.31436,30.568219,2013,1,0.295068097,1642.36,97.0223,403,5,2012,2016
47.31436,30.568219,2014,1,0.355238812,1642.36,97.8552,373,5,2012,2016
47.31436,30.568219,2015,1,0.39558451,1642.36,99.4667,375,5,2012,2016
47.31436,30.568219,2016,1,0.2702064,1642.36,99.2386,394,5,2012,2016
47.317697,31.065256,2014,1,0.001238529,1516.8,4.33526,346,2,2014,2015
47.317697,31.065256,2015,1,0.00359134,1516.8,10.8108,296,2,2014,2015
47.326745,30.610053,2012,1,0.388111237,1654.72,98.7842,329,5,2012,2016
47.326745,30.610053,2013,1,0.43011538,1654.72,95.3431,408,5,2012,2016
47.326745,30.610053,2014,1,0.334782706,1654.72,98.9101,367,5,2012,2016
47.326745,30.610053,2015,1,0.426889485,1654.72,100,379,5,2012,2016
47.326745,30.610053,2016,1,0.617965774,1654.72,100,404,5,2012,2016
47.327,30.763569,2012,1,0.425386611,1626.83,97.2,250,5,2012,2016
47.327,30.763569,2013,1,0.423202748,1626.83,98.4496,387,5,2012,2016
47.327,30.763569,2014,1,0.349165676,1626.83,99.4475,362,5,2012,2016
47.327,30.763569,2015,1,0.353806386,1626.83,98.7616,323,5,2012,2016
47.327,30.763569,2016,1,0.485481008,1626.83,98.6413,368,5,2012,2016
47.329193,30.561355,2012,1,0.202727375,1519.67,98.1191,319,5,2012,2016
47.329193,30.561355,2013,1,0.152118107,1519.67,98.7593,403,5,2012,2016
47.329193,30.561355,2014,1,0.156030274,1519.67,99.1935,372,5,2012,2016
47.329193,30.561355,2015,1,0.176000588,1519.67,100,372,5,2012,2016
47.329193,30.561355,2016,1,0.185021645,1519.67,100,395,5,2012,2016
47.32953,30.687289,2012,1,0.415764698,1639.62,98.1043,211,5,2012,2016
47.32953,30.687289,2013,1,0.347351661,1639.62,94.7761,402,5,2012,2016
47.32953,30.687289,2014,1,0.298173645,1639.62,98.0926,367,5,2012,2016
47.32953,30.687289,2015,1,0.3671121,1639.62,98.0501,359,5,2012,2016
47.32953,30.687289,2016,1,0.459201267,1639.62,98.961,385,5,2012,2016
47.329625,30.82631,2012,1,0.414388042,1699.86,97.4227,194,5,2012,2016
47.329625,30.82631,2013,1,0.469184223,1699.86,99.1826,367,5,2012,2016
47.329625,30.82631,2014,1,0.417123742,1699.86,99.7151,351,5,2012,2016
47.329625,30.82631,2015,1,0.395346751,1699.86,99.3711,318,5,2012,2016
47.329625,30.82631,2016,1,0.345217698,1699.86,100,336,5,2012,2016
47.331895,30.882338,2012,1,0.456894122,1642.65,97.8814,236,5,2012,2016
47.331895,30.882338,2013,1,0.528580018,1642.65,98.3957,374,5,2012,2016
47.331895,30.882338,2014,1,0.469879889,1642.65,99.1549,355,5,2012,2016
47.331895,30.882338,2015,1,0.437855766,1642.65,96.3855,332,5,2012,2016
47.331895,30.882338,2016,1,0.390685495,1642.65,99.7143,350,5,2012,2016
47.334762,30.40192,2012,1,0.138752512,1640.64,97.8261,322,5,2012,2016
47.334762,30.40192,2013,1,0.148395853,1640.64,95.9288,393,5,2012,2016
47.334762,30.40192,2014,1,0.133826198,1640.64,96.4865,370,5,2012,2016
47.334762,30.40192,2015,1,0.137868986,1640.64,99.4681,376,5,2012,2016
47.334762,30.40192,2016,1,0.14533228,1640.64,98.9796,392,5,2012,2016
47.337547,30.65005,2012,1,0.000996593,1528,5.55556,324,3,2012,2015
47.337547,30.65005,2013,1,0.00097484,1528,5.39216,408,3,2012,2015
47.337547,30.65005,2015,1,0.001107539,1528,6.20155,387,3,2012,2015
47.3381,30.357658,2012,1,0.39988766,1637.14,99.0712,323,5,2012,2016
47.3381,30.357658,2013,1,0.420974855,1637.14,98.481,395,5,2012,2016
47.3381,30.357658,2014,1,0.328392558,1637.14,97.5871,373,5,2012,2016
47.3381,30.357658,2015,1,0.38515539,1637.14,99.4764,382,5,2012,2016
47.3381,30.357658,2016,1,0.297404596,1637.14,100,397,5,2012,2016
47.348702,30.31444,2012,1,0.087307563,1642.07,97.4603,315,5,2012,2016
47.348702,30.31444,2013,1,0.09917821,1642.07,97.6923,390,5,2012,2016
47.348702,30.31444,2014,1,0.116885407,1642.07,96.4384,365,5,2012,2016
47.348702,30.31444,2015,1,0.125991295,1642.07,98.6737,377,5,2012,2016
47.348702,30.31444,2016,1,0.126503211,1642.07,99.4885,391,5,2012,2016
47.361021,30.278613,2012,1,0.496858231,1606.4,98.7654,324,5,2012,2016
47.361021,30.278613,2013,1,0.478600665,1606.4,98.7437,398,5,2012,2016
47.361021,30.278613,2014,1,0.412732533,1606.4,97.561,369,5,2012,2016
47.361021,30.278613,2015,1,0.269955138,1606.4,99.7361,379,5,2012,2016
47.361021,30.278613,2016,1,0.263267644,1606.4,100,388,5,2012,2016
47.368066,30.636162,2012,1,0.001158046,1513.71,6.13497,326,3,2012,2015
47.368066,30.636162,2013,1,0.000612392,1513.71,3.46535,404,3,2012,2015
47.368066,30.636162,2015,1,0.002519013,1513.71,5.44041,386,3,2012,2015
47.393822,30.212464,2012,1,0.416924141,1612.14,98.7342,316,5,2012,2016
47.393822,30.212464,2013,1,0.38315058,1612.14,97.6923,390,5,2012,2016
47.393822,30.212464,2014,1,0.518244827,1612.14,97.561,369,5,2012,2016
47.393822,30.212464,2015,1,0.410566282,1612.14,99.729,369,5,2012,2016
47.393822,30.212464,2016,1,0.349823183,1612.14,100,385,5,2012,2016
47.405409,32.368823,2012,1,0.085626223,1643.87,98.8889,270,5,2012,2016
47.405409,32.368823,2013,1,0.074041475,1643.87,100,385,5,2012,2016
47.405409,32.368823,2014,1,0.073379271,1643.87,98.9247,372,5,2012,2016
47.405409,32.368823,2015,1,0.090552244,1643.87,97.5676,370,5,2012,2016
47.405409,32.368823,2016,1,0.080942659,1643.87,100,383,5,2012,2016
47.406286,32.120627,2012,1,0.135176142,1714.22,96.9283,293,5,2012,2016
47.406286,32.120627,2013,1,0.161736791,1714.22,99.4898,392,5,2012,2016
47.406286,32.120627,2014,1,0.156117746,1714.22,98.8981,363,5,2012,2016
47.406286,32.120627,2015,1,0.159802135,1714.22,99.0881,329,5,2012,2016
47.406286,32.120627,2016,1,0.209527878,1714.22,100,329,5,2012,2016
47.413783,30.166491,2012,1,0.447906233,1609.79,98.3923,311,5,2012,2016
47.413783,30.166491,2013,1,0.280696575,1609.79,97.1129,381,5,2012,2016
47.413783,30.166491,2014,1,0.257043634,1609.79,97.5342,365,5,2012,2016
47.413783,30.166491,2015,1,0.176729717,1609.79,100,363,5,2012,2016
47.413783,30.166491,2016,1,0.209694603,1609.79,100,384,5,2012,2016
47.426968,32.095181,2012,1,0.07992,1652.06,96.3801,221,5,2012,2016
47.426968,32.095181,2013,1,0.099739439,1652.06,97.1722,389,5,2012,2016
47.426968,32.095181,2014,1,0.094400129,1652.06,94.8571,350,5,2012,2016
47.426968,32.095181,2015,1,0.082870857,1652.06,98.1481,324,5,2012,2016
47.426968,32.095181,2016,1,0.0553034,1652.06,98.0978,368,5,2012,2016
47.430574,31.913885,2012,1,0.00953453,1678.6,31.8182,286,5,2012,2016
47.430574,31.913885,2013,1,0.007838396,1678.6,21.7172,396,5,2012,2016
47.430574,31.913885,2014,1,0.00957169,1678.6,27.4406,379,5,2012,2016
47.430574,31.913885,2015,1,0.008115987,1678.6,23.4211,380,5,2012,2016
47.430574,31.913885,2016,1,0.014737613,1678.6,40.5195,385,5,2012,2016
47.436103,31.675865,2012,1,0.428794495,1669.47,98.4848,264,5,2012,2016
47.436103,31.675865,2013,1,0.493156818,1669.47,98.6842,380,5,2012,2016
47.436103,31.675865,2014,1,0.537732284,1669.47,100,348,5,2012,2016
47.436103,31.675865,2015,1,0.543614625,1669.47,99.7033,337,5,2012,2016
47.436103,31.675865,2016,1,0.56391516,1669.47,98.6523,371,5,2012,2016
47.443338,30.109331,2012,1,0.001285632,1676.15,7.52351,319,4,2012,2016
47.443338,30.109331,2014,1,0.101198283,1676.15,71.5818,373,4,2012,2016
47.443338,30.109331,2015,1,0.132059441,1676.15,99.7207,358,4,2012,2016
47.443338,30.109331,2016,1,0.091309845,1676.15,98.9333,375,4,2012,2016
47.443667,30.425163,2012,1,0.141485863,1711.92,84.9057,318,5,2012,2016
47.443667,30.425163,2013,1,0.112021615,1711.92,71.5013,393,5,2012,2016
47.443667,30.425163,2014,1,0.128826501,1711.92,66.1247,369,5,2012,2016
47.443667,30.425163,2015,1,0.169812682,1711.92,83.2,375,5,2012,2016
47.443667,30.425163,2016,1,0.126070548,1711.92,98.1959,388,5,2012,2016
47.446236,32.060303,2012,1,0.12821772,1678.11,96.0699,229,5,2012,2016
47.446236,32.060303,2013,1,0.13572563,1678.11,97.7273,396,5,2012,2016
47.446236,32.060303,2014,1,0.117030705,1678.11,94.4444,360,5,2012,2016
47.446236,32.060303,2015,1,0.105005367,1678.11,96.5714,350,5,2012,2016
47.446236,32.060303,2016,1,0.066299621,1678.11,99.2126,381,5,2012,2016
47.510911,31.656603,2012,1,0.002730627,1730.29,10.4418,249,5,2012,2016
47.510911,31.656603,2013,1,0.002694338,1730.29,8.31099,373,5,2012,2016
47.510911,31.656603,2014,1,0.181818646,1730.29,52.7066,351,5,2012,2016
47.510911,31.656603,2015,1,0.299870248,1730.29,98.4127,315,5,2012,2016
47.510911,31.656603,2016,1,0.216838243,1730.29,99.1525,354,5,2012,2016
47.520416,32.178291,2012,1,0.05373096,1655.75,93.19,279,5,2012,2016
47.520416,32.178291,2013,1,0.100123083,1655.75,98.481,395,5,2012,2016
47.520416,32.178291,2014,1,0.100963166,1655.75,96.6759,361,5,2012,2016
47.520416,32.178291,2015,1,0.090306853,1655.75,97.6127,377,5,2012,2016
47.520416,32.178291,2016,1,0.108294078,1655.75,100,375,5,2012,2016
47.550182,32.108272,2012,1,0.04739306,1657.84,95.7597,283,5,2012,2016
47.550182,32.108272,2013,1,0.063269217,1657.84,97.7099,393,5,2012,2016
47.550182,32.108272,2014,1,0.090582771,1657.84,97.2067,358,5,2012,2016
47.550182,32.108272,2015,1,0.098312003,1657.84,96.0317,378,5,2012,2016
47.550182,32.108272,2016,1,0.158779183,1657.84,99.7361,379,5,2012,2016
47.598533,30.530429,2012,1,0.322762653,1706.86,99.0132,304,5,2012,2016
47.598533,30.530429,2013,1,0.32219614,1706.86,98.4211,380,5,2012,2016
47.598533,30.530429,2014,1,0.171817198,1706.86,98.645,369,5,2012,2016
47.598533,30.530429,2015,1,0.161068717,1706.86,98.6301,365,5,2012,2016
47.598533,30.530429,2016,1,0.171567111,1706.86,99.7275,367,5,2012,2016
47.603032,31.117709,2013,1,0.005075427,1503.85,4.54545,374,3,2013,2015
47.603032,31.117709,2014,1,0.002442123,1503.85,9.80392,357,3,2013,2015
47.603032,31.117709,2015,1,0.003197863,1503.85,14.8368,337,3,2013,2015
47.607343,30.487245,2012,1,0.169313681,1684.59,98.6441,295,5,2012,2016
47.607343,30.487245,2013,1,0.233582662,1684.59,99.4764,382,5,2012,2016
47.607343,30.487245,2014,1,0.252364472,1684.59,97.5207,363,5,2012,2016
47.607343,30.487245,2015,1,0.264175826,1684.59,100,368,5,2012,2016
47.607343,30.487245,2016,1,0.255568646,1684.59,100,379,5,2012,2016
47.607568,30.460079,2012,1,0.009285234,1597.19,19.7452,314,4,2012,2015
47.607568,30.460079,2013,1,0.001605835,1597.19,7.5718,383,4,2012,2015
47.607568,30.460079,2014,1,0.001462883,1597.19,4.0107,374,4,2012,2015
47.607568,30.460079,2015,1,0.001600593,1597.19,6.469,371,4,2012,2015
47.60812,30.419384,2012,1,0.220956469,1722.92,98.9831,295,5,2012,2016
47.60812,30.419384,2013,1,0.250271603,1722.92,100,375,5,2012,2016
47.60812,30.419384,2014,1,0.233403315,1722.92,99.723,361,5,2012,2016
47.60812,30.419384,2015,1,0.25218219,1722.92,100,365,5,2012,2016
47.60812,30.419384,2016,1,0.272576067,1722.92,100,384,5,2012,2016
47.620093,31.066192,2012,1,0.032189967,1642.36,16.3424,257,5,2012,2016
47.620093,31.066192,2013,1,0.06578565,1642.36,20.3704,378,5,2012,2016
47.620093,31.066192,2014,1,0.40643925,1642.36,98.4756,328,5,2012,2016
47.620093,31.066192,2015,1,0.449855272,1642.36,99.6416,279,5,2012,2016
47.620093,31.066192,2016,1,0.279356317,1642.36,98.3165,297,5,2012,2016
47.622938,30.452143,2012,1,0.001436081,1663.79,5.60748,321,2,2012,2013
47.622938,30.452143,2013,1,0.0012354,1663.79,4.45026,382,2,2012,2013
47.626818,31.082454,2012,1,0.001692579,1638.5,7.53769,199,5,2012,2016
47.626818,31.082454,2013,1,0.135572995,1638.5,26.1111,360,5,2012,2016
47.626818,31.082454,2014,1,0.771041669,1638.5,96.0894,358,5,2012,2016
47.626818,31.082454,2015,1,0.70232336,1638.5,93.7313,335,5,2012,2016
47.626818,31.082454,2016,1,0.527605499,1638.5,100,315,5,2012,2016
47.638937,30.367387,2012,1,0.155652795,1664.88,99.3151,292,5,2012,2016
47.638937,30.367387,2013,1,0.269996819,1664.88,99.2021,376,5,2012,2016
47.638937,30.367387,2014,1,0.248274719,1664.88,98.8889,360,5,2012,2016
47.638937,30.367387,2015,1,0.138962973,1664.88,99.4505,364,5,2012,2016
47.638937,30.367387,2016,1,0.08511871,1664.88,100,378,5,2012,2016
47.657925,30.343291,2012,1,0.023975384,1720.53,71.4765,298,5,2012,2016
47.657925,30.343291,2013,1,0.022654704,1720.53,77.6623,385,5,2012,2016
47.657925,30.343291,2014,1,0.026674098,1720.53,88.3469,369,5,2012,2016
47.657925,30.343291,2015,1,0.023851132,1720.53,80.5479,365,5,2012,2016
47.657925,30.343291,2016,1,0.037633775,1720.53,88.9764,381,5,2012,2016
47.664686,30.752101,2012,1,0.242323985,1706.57,97.9592,294,5,2012,2016
47.664686,30.752101,2013,1,0.1650528,1706.57,100,379,5,2012,2016
47.664686,30.752101,2014,1,0.204582778,1706.57,99.7214,359,5,2012,2016
47.664686,30.752101,2015,1,0.296741218,1706.57,100,339,5,2012,2016
47.664686,30.752101,2016,1,0.541671456,1706.57,100,359,5,2012,2016
47.668298,30.455334,2012,1,0.148299868,1681.54,96.9388,294,5,2012,2016
47.668298,30.455334,2013,1,0.159987939,1681.54,92.1053,380,5,2012,2016
47.668298,30.455334,2014,1,0.069024167,1681.54,95.3039,362,5,2012,2016
47.668298,30.455334,2015,1,0.064787648,1681.54,95.1482,371,5,2012,2016
47.668298,30.455334,2016,1,0.119075141,1681.54,96.3446,383,5,2012,2016
47.674991,30.424202,2012,1,0.015601589,1548.7,77.2277,303,5,2012,2016
47.674991,30.424202,2013,1,0.007637533,1548.7,44.4156,385,5,2012,2016
47.674991,30.424202,2014,1,0.000507361,1548.7,3.28767,365,5,2012,2016
47.674991,30.424202,2015,1,0.000946458,1548.7,3.92157,357,5,2012,2016
47.674991,30.424202,2016,1,0.00324606,1548.7,15.6812,389,5,2012,2016
47.689522,30.582053,2012,1,0.009845378,1845.34,50,308,2,2012,2013
47.689522,30.582053,2013,1,0.001408929,1845.34,8,375,2,2012,2013
47.716502,30.267117,2012,1,0.227116196,1671.07,97.2881,295,5,2012,2016
47.716502,30.267117,2013,1,0.231149885,1671.07,98.1771,384,5,2012,2016
47.716502,30.267117,2014,1,0.132801778,1671.07,97.3262,374,5,2012,2016
47.716502,30.267117,2015,1,0.157914737,1671.07,99.1758,364,5,2012,2016
47.716502,30.267117,2016,1,0.169069464,1671.07,100,373,5,2012,2016
47.737868,30.295681,2012,1,0.002239461,1829.71,16.1905,315,4,2012,2015
47.737868,30.295681,2013,1,0.000568562,1829.71,3.36788,386,4,2012,2015
47.737868,30.295681,2014,1,0.001720485,1829.71,7.97872,376,4,2012,2015
47.737868,30.295681,2015,1,0.0011828,1829.71,6.23306,369,4,2012,2015
47.741854,30.27282,2012,1,0.065164247,1669.36,97.3422,301,5,2012,2016
47.741854,30.27282,2013,1,0.07581058,1669.36,97.9434,389,5,2012,2016
47.741854,30.27282,2014,1,0.077065127,1669.36,84.8,375,5,2012,2016
47.741854,30.27282,2015,1,0.124702405,1669.36,85.1648,364,5,2012,2016
47.741854,30.27282,2016,1,0.108741417,1669.36,74.9347,383,5,2012,2016
47.75431,30.118668,2012,1,0.075941201,1715.1,94.2424,330,5,2012,2016
47.75431,30.118668,2013,1,0.055417877,1715.1,94.321,405,5,2012,2016
47.75431,30.118668,2014,1,0.030419394,1715.1,52.3438,384,5,2012,2016
47.75431,30.118668,2015,1,0.04946186,1715.1,95.9893,374,5,2012,2016
47.75431,30.118668,2016,1,0.037644635,1715.1,96.9231,390,5,2012,2016
48.021101,30.928938,2015,1,0.025171783,1726.59,18.7668,373,2,2015,2016
48.021101,30.928938,2016,1,0.113296416,1726.59,98.153,379,2,2015,2016
