grid_id,lon,lat,flare_label_ever,mean_risk,max_risk,active_months_validation_f1,strict_active_months,discovery_active_months,post_max_risk,post_mean_risk,post_strict_active_months,post_discovery_active_months,oilgas_candidate_ever
16991,44.35477,35.525383,0,0.6262284086159594,1.0,62,83,84,1.0,0.7008477854090971,34,35,1
17232,44.3547,35.5344,0,0.6335805975522857,0.9459459459459459,62,84,84,0.9459459459459459,0.7666867603078298,35,35,1
9005,44.423,35.237194,0,0.7172938965749741,0.9459459459459459,51,55,60,0.9459459459459459,0.5132274421983639,18,23,1
16750,44.343815,35.516308,0,0.5978758710251381,0.9421965317919075,69,83,84,0.9421965317919075,0.608079280166875,34,35,1
15776,44.145702,35.479,0,0.345025778889758,0.9421965317919075,32,75,84,0.9421965317919075,0.36041757986197637,33,35,1
9006,44.43399,35.237247,0,0.7321271412782158,0.9459459459459459,73,81,84,0.9421965317919075,0.6093993245757302,32,35,1
15778,44.167747,35.47916,0,0.2944341023355622,0.9421965317919075,18,48,60,0.9421965317919075,0.48894751589958185,22,23,1
56020,44.423,35.237194,0,0.4359292248924112,0.9421965317919075,14,24,24,0.9421965317919075,0.37478031881233526,12,12,1
63065,45.005524,35.671375,0,0.37111013902135254,0.9421965317919075,10,23,24,0.9421965317919075,0.5213216754704698,11,12,1
14295,44.212364,35.425358,0,0.6400912468125092,0.9421965317919075,76,84,84,0.93125,0.567074033132817,35,35,1
21537,43.867123,35.693092,0,0.6177721587620062,0.93125,53,60,60,0.93125,0.587709982926754,23,23,1
21539,43.88922,35.6933,0,0.5038635818989372,0.93125,42,52,60,0.93125,0.5808564263961964,22,23,1
19600,44.00063,35.622147,0,0.6484782143132345,0.93125,48,58,60,0.93125,0.6326717767090614,21,23,1
20810,43.977974,35.667038,0,0.4455638279114639,0.93125,37,56,60,0.93125,0.4143664551454572,20,23,1
9503,44.422874,35.255226,0,0.6879437569595701,0.9421965317919075,54,57,60,0.93125,0.5054753619886688,20,23,1
56320,44.42287,35.255226,0,0.60835728827464,0.93125,20,24,24,0.93125,0.6318899146176352,12,12,1
63439,43.867123,35.693092,0,0.7520844631274352,0.93125,24,24,24,0.93125,0.7380728113420463,12,12,1
15308,44.366295,35.46233,0,0.16333640743161365,0.8846153846153846,9,32,60,0.8846153846153846,0.30922282992443356,15,23,1
63294,43.889347,35.684284,0,0.6476346940145161,0.8571428571428571,23,24,24,0.8571428571428571,0.688992173185496,12,12,1
40944,43.07762,36.80081,0,0.620021351524814,0.75,76,83,84,0.738562091503268,0.6255464442083535,35,35,1
41058,43.077396,36.809822,0,0.6082526543180564,0.93125,74,84,84,0.738562091503268,0.6126197748541736,35,35,1
16749,44.332787,35.516247,0,0.5293627972567048,0.9459459459459459,61,83,84,0.738562091503268,0.43118645788302623,34,35,1
17471,44.343594,35.543354,0,0.5480298196681319,0.738562091503268,70,83,84,0.738562091503268,0.49453719126327644,34,35,1
22066,44.03267,35.712566,0,0.40171049036766376,0.75,46,81,84,0.738562091503268,0.39843350038521574,33,35,1
22067,44.04372,35.712658,0,0.3253284583906209,0.738562091503268,31,78,84,0.738562091503268,0.3156775003053781,31,35,1
17470,44.33256,35.543297,0,0.5760713596841739,0.738562091503268,52,60,60,0.738562091503268,0.5789268635610967,23,23,1
41178,43.05476,36.818466,0,0.5562997039187738,0.93125,48,60,60,0.738562091503268,0.5525046097465143,23,23,1
41179,43.065964,36.81865,0,0.6131846678981044,0.93125,53,60,60,0.738562091503268,0.6125567805014862,23,23,1
41180,43.07717,36.818832,0,0.5018250699924576,0.93125,42,59,60,0.738562091503268,0.4453439847882132,23,23,1
16257,44.156536,35.497112,0,0.21507464005310573,0.738562091503268,12,51,60,0.738562091503268,0.2895305713031729,22,23,1
21291,43.889347,35.684284,0,0.5169988079656047,0.738562091503268,45,52,60,0.738562091503268,0.5093525858526953,22,23,1
20567,43.97809,35.65802,0,0.28639681656507254,0.93125,32,56,84,0.738562091503268,0.17091186767669028,16,35,1
63441,43.88922,35.6933,0,0.6308537284083672,0.738562091503268,22,24,24,0.738562091503268,0.6828898198035328,12,12,1
60510,44.38799,35.507523,0,0.1635601471699025,0.738562091503268,4,12,24,0.738562091503268,0.24701292536966965,8,12,1
75258,43.065964,36.81865,0,0.4945178084106532,0.738562091503268,17,23,24,0.727569675298564,0.5876589532976587,12,12,1
20568,43.989136,35.658115,0,0.10873381554740545,0.7269201659284282,8,19,60,0.7269201659284282,0.11130890412266824,6,23,1
20811,43.98902,35.66713,0,0.08143485704140582,0.7142857142857143,7,12,60,0.7142857142857143,0.09522467436191832,6,23,1
29187,43.75211,35.98045,0,0.4310968540406151,0.738562091503268,38,52,60,0.6956521739130435,0.4024477094039312,22,23,1
29186,43.74102,35.980335,0,0.3564953834480047,0.6956521739130435,28,50,60,0.6956521739130435,0.2933173399800033,20,23,1
13791,44.234562,35.407467,0,0.1857979139367402,0.6956521739130435,6,49,60,0.6956521739130435,0.23569600207311617,19,23,1
14548,44.223293,35.434444,0,0.1359847238068526,0.6956521739130435,2,47,60,0.6956521739130435,0.19320867602171746,19,23,1
20808,43.95588,35.666847,0,0.21578684288431757,0.738562091503268,21,49,84,0.6956521739130435,0.1368235890301599,15,35,1
21045,43.878426,35.675167,0,0.23098921895773772,0.6956521739130435,16,37,60,0.6956521739130435,0.28549628662910037,15,23,1
35101,43.758095,36.305058,0,0.5261844993069394,0.9421965317919075,43,52,60,0.6956521739130435,0.23225802574122736,15,23,1
61093,44.33256,35.543297,0,0.4935207299483885,0.6956521739130435,18,24,24,0.6956521739130435,0.4860242464440658,12,12,1
75257,43.05476,36.818466,0,0.4280551924562827,0.6956521739130435,14,23,24,0.6956521739130435,0.5053683805225595,12,12,1
75259,43.077168,36.818832,0,0.4249152019467967,0.738562091503268,14,22,24,0.6956521739130435,0.4673976912565943,12,12,1
22858,44.03234,35.739613,0,0.03596028091716182,0.6956521739130435,1,22,84,0.6956521739130435,0.039031026703096904,8,35,1
63150,43.87843,35.675167,0,0.32462722232750724,0.738562091503268,9,16,24,0.6956521739130435,0.29280973970261764,7,12,1
22859,44.043396,35.7397,0,0.026964112564641048,0.6956521739130435,1,12,84,0.6956521739130435,0.03096205309621853,4,35,1
21052,43.95576,35.67586,0,0.04744193372585726,0.6956521739130435,4,6,59,0.6956521739130435,0.04054728986507549,2,23,1
32321,43.793995,36.143154,0,0.43139292704201826,0.93125,49,71,84,0.6738197424892703,0.2606722018872581,26,35,1
14294,44.201347,35.425285,0,0.3846503812042496,0.6738197424892703,23,60,60,0.6738197424892703,0.4071644591325991,23,23,1
15779,44.17877,35.479233,0,0.07353868601328344,0.6738197424892703,1,34,60,0.6738197424892703,0.11965321960870465,20,23,1
21046,43.889473,35.67527,0,0.1797149036001751,0.738562091503268,18,40,82,0.6738197424892703,0.17155016885665308,18,35,1
29385,43.74088,35.989346,0,0.13037686908606366,0.6738197424892703,4,34,59,0.6738197424892703,0.20155095049355112,18,23,1
9258,44.44492,35.246315,0,0.13485701943492953,0.6956521739130435,9,50,80,0.6738197424892703,0.12162192438483263,17,31,1
21064,44.088345,35.676937,0,0.12208713746400043,0.6738197424892703,2,51,60,0.6738197424892703,0.15507196510611423,14,23,1
59192,44.201344,35.425285,0,0.49816347550759293,0.738562091503268,16,24,24,0.6738197424892703,0.41292977430573,12,12,1
68190,43.75211,35.98045,0,0.374782354880318,0.6956521739130435,13,22,24,0.6738197424892703,0.3453935074535031,11,12,1
29387,43.763058,35.98958,0,0.11565409007651165,0.6738197424892703,5,27,57,0.6738197424892703,0.12533409721314845,10,23,1
21292,43.9004,35.684383,0,0.11924777903335568,0.6738197424892703,7,23,60,0.6738197424892703,0.12758448541761566,9,23,1
67939,43.763477,35.96254,0,0.20927486186908628,0.6738197424892703,5,14,24,0.6738197424892703,0.23439711160825036,9,12,1
13548,44.344765,35.399097,0,0.05747027901733897,0.6738197424892703,3,13,59,0.6738197424892703,0.09995761705967202,7,22,1
54187,44.818893,35.130226,0,0.1719949724433649,0.6738197424892703,3,19,24,0.6738197424892703,0.11404186662482825,7,12,1
20565,43.955997,35.657833,0,0.08398787391880642,0.6738197424892703,6,15,59,0.6738197424892703,0.08167750899336924,5,23,1
63149,43.867374,35.675064,0,0.23402314701243165,0.6738197424892703,6,14,24,0.6738197424892703,0.17195779502187525,5,12,1
13549,44.355778,35.39916,0,0.024563085690634753,0.6738197424892703,3,4,60,0.6738197424892703,0.05670875372311282,4,18,1
1311,44.042698,34.86509,0,0.05207580388715932,0.6738197424892703,5,11,78,0.6738197424892703,0.029512152194143684,2,29,1
20903,45.005527,35.671375,0,0.3310803512059503,0.9421965317919075,25,51,60,0.6666666666666666,0.2475729835451906,19,23,1
28782,43.76348,35.96254,0,0.16414436278017092,0.5961538461538463,8,42,59,0.5961538461538463,0.1490167440030744,14,22,1
16256,44.14551,35.497032,0,0.062183433412107726,0.5810925233709653,1,26,60,0.5810925233709653,0.12090756821248426,16,23,1
17472,44.354626,35.543415,0,0.07844947515383943,0.5769230769230769,3,47,84,0.5769230769230769,0.11452276602172068,22,35,1
22327,44.05467,35.72176,0,0.1839503751508363,0.5769230769230769,4,55,60,0.5769230769230769,0.23069560908440517,20,23,1
30014,44.528316,36.022076,0,0.21222813669251062,0.738562091503268,20,45,84,0.5769230769230769,0.16875972412587578,15,35,1
16273,44.332935,35.498215,0,0.08314188251278803,0.6,4,21,60,0.5769230769230769,0.07558964606581546,7,23,1
21044,43.867374,35.675064,0,0.11782696893629177,0.6956521739130435,8,16,59,0.5769230769230769,0.08653647895521242,5,23,1
14799,44.223206,35.44346,0,0.11733842156853266,0.5663265306122449,2,60,84,0.5663265306122449,0.15444143644047656,28,35,1
29382,43.707603,35.988995,0,0.2867245500059388,0.6738197424892703,28,71,84,0.5663265306122449,0.12750375682766243,26,35,1
16757,44.42101,35.516705,0,0.06685240638670845,0.5663265306122449,1,31,84,0.5663265306122449,0.13742448335253554,24,35,1
29185,43.729927,35.980217,0,0.4023886540051024,0.6738197424892703,35,56,60,0.5663265306122449,0.2617886115097758,19,23,1
29388,43.77415,35.989693,0,0.10718744861342909,0.6738197424892703,5,41,82,0.5663265306122449,0.10867766536112657,18,35,1
15534,44.15682,35.47006,0,0.04653657768908378,0.5663265306122449,1,26,60,0.5663265306122449,0.08231034741681868,15,23,1
16992,44.3658,35.52544,0,0.0893040763535278,0.5663265306122449,4,24,60,0.5663265306122449,0.1850572090570386,15,23,1
17233,44.365726,35.53446,0,0.08532414039116905,0.5663265306122449,3,25,60,0.5663265306122449,0.16492298205127728,14,23,1
16020,44.178677,35.488247,0,0.04305599044317806,0.5663265306122449,1,22,59,0.5663265306122449,0.08503824842636569,13,23,1
16516,44.387993,35.507523,0,0.08697542474506045,0.5663265306122449,2,32,60,0.5663265306122449,0.11902534580893158,13,23,1
38202,43.977875,36.53251,0,0.09693138224903357,0.5663265306122449,7,26,48,0.5663265306122449,0.13468918707110333,13,31,1
65141,43.998608,35.784416,0,0.32670051518841864,0.5961538461538463,8,24,24,0.5663265306122449,0.2863950202523236,12,12,1
63955,44.05467,35.72176,0,0.318679330991348,0.6956521739130435,10,22,24,0.5663265306122449,0.286872645832896,11,12,1
58886,44.234562,35.407467,0,0.2657723765031762,0.738562091503268,8,22,24,0.5663265306122449,0.12546887335857096,10,12,1
9007,44.44498,35.237297,0,0.05170010201726591,0.5961538461538463,3,24,70,0.5663265306122449,0.04467141630462958,8,25,1
60954,44.321606,35.534218,0,0.06978581946535901,0.5663265306122449,1,11,24,0.5663265306122449,0.09443695483960511,6,12,1
63295,43.900402,35.684383,0,0.14213516565775694,0.5663265306122449,4,14,24,0.5663265306122449,0.07503690630599946,4,12,1
12778,44.21289,35.37126,0,0.25868595869141575,0.738562091503268,16,79,84,0.5084033613445379,0.14566655638536083,31,35,1
28778,43.71913,35.962074,0,0.2399351984748469,0.5961538461538463,16,75,84,0.5084033613445379,0.15214372460224573,30,35,1
28574,43.741447,35.953293,0,0.1382771117470348,0.6738197424892703,6,55,84,0.5084033613445379,0.12800993293904733,25,35,1
29763,43.718403,36.00714,0,0.16124496414517223,0.5663265306122449,8,62,84,0.5084033613445379,0.12601433252348726,24,35,1
13537,44.223637,35.39838,0,0.20175138463620573,0.738562091503268,15,64,84,0.5084033613445379,0.10435063530036381,23,35,1
21555,44.06604,35.6948,0,0.35300952610006475,0.5663265306122449,18,60,60,0.5084033613445379,0.3011981942196618,23,23,1
24214,43.998604,35.784416,0,0.22756206618447647,0.5663265306122449,12,58,60,0.5084033613445379,0.1908241454858214,21,23,1
29455,44.517384,35.994987,0,0.2350900761513747,0.5663265306122449,5,56,60,0.5084033613445379,0.177187106864349,21,23,1
17466,44.288437,35.54304,0,0.23715850967484736,0.93125,9,54,60,0.5084033613445379,0.2335527513880772,20,23,1
29384,43.729786,35.98923,0,0.28782302428282736,0.5769230769230769,16,56,60,0.5084033613445379,0.16303278148756545,20,23,1
15067,44.43248,35.45364,0,0.14175781120643963,0.5663265306122449,3,45,60,0.5084033613445379,0.13124688590023167,16,23,1
29386,43.75197,35.989464,0,0.10620117949936285,0.5663265306122449,5,30,52,0.5084033613445379,0.09246815225637013,15,23,1
31992,43.78316,36.125015,0,0.33347921388804197,0.6956521739130435,28,48,55,0.5084033613445379,0.14268712921047347,15,19,1
6018,44.818893,35.130226,0,0.19056898858877816,0.6738197424892703,9,51,60,0.5084033613445379,0.08977489999008896,15,23,1
28777,43.708042,35.961952,0,0.10047668971241717,0.5084033613445379,3,53,84,0.5084033613445379,0.06299012803185507,14,35,1
30329,44.139706,36.03795,0,0.030943046160161546,0.5084033613445379,1,16,60,0.5084033613445379,0.06903168065912475,14,23,1
16277,44.377037,35.49845,0,0.05896876064840319,0.5084033613445379,1,32,59,0.5084033613445379,0.08405138413387914,13,22,1
29579,43.72964,35.998245,0,0.11541157079776783,0.5663265306122449,3,39,60,0.5084033613445379,0.09055412248597551,13,23,1
30328,44.128605,36.03787,0,0.10002929415400842,0.5084033613445379,2,41,60,0.5084033613445379,0.057594537558839705,13,23,1
38203,43.98904,36.532604,0,0.09067279004564995,0.5663265306122449,7,22,31,0.5084033613445379,0.1255972487063789,12,18,1
29190,43.785378,35.980793,0,0.12611710943102283,0.6956521739130435,9,27,60,0.5084033613445379,0.10517701928437885,11,23,1
29764,43.729496,36.00726,0,0.06342071580719917,0.5084033613445379,1,31,60,0.5084033613445379,0.0816153951190787,11,23,1
60813,44.3658,35.52544,0,0.21627082086987692,0.5084033613445379,3,22,24,0.5084033613445379,0.17281388835861441,11,12,1
68746,44.139805,36.028934,0,0.10275873250959568,0.5084033613445379,1,15,24,0.5084033613445379,0.1720290856737713,11,12,1
16988,44.321682,35.5252,0,0.02017230208151163,0.5084033613445379,1,13,84,0.5084033613445379,0.03446901654771695,10,35,1
29941,43.718254,36.016155,0,0.06759118466166375,0.5084033613445379,1,33,60,0.5084033613445379,0.08145915637193983,10,23,1
54036,44.818913,35.121212,0,0.07122421677397214,0.5084033613445379,1,10,23,0.5084033613445379,0.14119646074089334,10,12,1
22592,44.05456,35.730774,0,0.05754147490357278,0.5084033613445379,1,19,60,0.5084033613445379,0.0864927678753793,9,23,1
68287,43.763058,35.98958,0,0.17198215789945426,0.5084033613445379,2,17,24,0.5084033613445379,0.18459218341225989,9,12,1
64127,44.05456,35.730774,0,0.2357103254275821,0.5769230769230769,8,18,24,0.5084033613445379,0.17448341963141098,7,12,1
16512,44.343887,35.50729,0,0.025955353684096797,0.5084033613445379,2,7,58,0.5084033613445379,0.060882348281812604,6,22,1
20660,45.005524,35.662357,0,0.02537075830276047,0.5084033613445379,1,16,83,0.5084033613445379,0.03290015614700381,6,34,1
59634,44.43248,35.45364,0,0.0563727350863823,0.5084033613445379,1,10,23,0.5084033613445379,0.06947628076095948,4,12,1
60672,44.409985,35.51665,0,0.02963051057463044,0.5084033613445379,1,2,24,0.5084033613445379,0.05198786791104563,2,12,1
29762,43.70731,36.007023,0,0.05091079657336978,0.42857142857142855,1,39,84,0.42857142857142855,0.0535659272431721,14,35,1
29454,44.50629,35.99494,0,0.2085008782124795,0.5084033613445379,4,56,60,0.33854166666666674,0.17208426723676978,22,23,1
28783,43.774567,35.96265,0,0.07629332804604501,0.33854166666666674,0,47,84,0.33854166666666674,0.09115078179605282,19,35,1
17705,44.288357,35.55206,0,0.11825918999318051,0.5663265306122449,2,46,60,0.33854166666666674,0.09696106387478882,18,23,1
14044,44.234478,35.41648,0,0.07579544995589413,0.33854166666666674,0,41,84,0.33854166666666674,0.09592012034776522,16,35,1
30116,43.707012,36.02505,0,0.13278468294520987,0.5084033613445379,2,42,60,0.33854166666666674,0.10936172817725914,14,23,1
15314,44.432415,35.462658,0,0.04970422228516415,0.33854166666666674,0,29,83,0.33854166666666674,0.057145259990408,13,34,1
28365,43.71942,35.944046,0,0.07732567000631456,0.33854166666666674,0,30,60,0.33854166666666674,0.09777513173513828,13,23,1
28575,43.752533,35.95341,0,0.06536056744629534,0.5663265306122449,1,36,83,0.33854166666666674,0.05216608721470694,13,34,1
29766,43.751682,36.007492,0,0.04193564398481373,0.33854166666666674,0,19,48,0.33854166666666674,0.05773749790275639,12,21,1
32484,43.793858,36.15217,0,0.08040750737181293,0.33854166666666674,0,42,60,0.33854166666666674,0.06539469627355936,12,23,1
68541,44.206573,36.011364,0,0.1352247781369797,0.33854166666666674,0,20,24,0.33854166666666674,0.1521066889230895,12,12,1
28577,43.774708,35.953636,0,0.037236833107027925,0.33854166666666674,0,19,84,0.33854166666666674,0.053388130930235006,11,35,1
29582,43.762917,35.998592,0,0.09065420212582899,0.5663265306122449,1,33,60,0.33854166666666674,0.07138226003352588,11,23,1
61089,44.288437,35.54304,0,0.2943169397910667,0.5663265306122449,4,22,24,0.33854166666666674,0.24967603995101073,10,12,1
63006,43.977978,35.667038,0,0.3009694704007979,0.738562091503268,8,22,24,0.33854166666666674,0.12369162142346019,10,12,1
68188,43.72993,35.980217,0,0.22037436959554688,0.5663265306122449,4,18,24,0.33854166666666674,0.16110281208302915,9,12,1
68189,43.741016,35.980335,0,0.20834680791881868,0.5084033613445379,4,19,24,0.33854166666666674,0.15232313577348372,9,12,1
68284,43.729786,35.98923,0,0.16725290199532286,0.33854166666666674,0,17,24,0.33854166666666674,0.13342751716431972,9,12,1
15555,44.388268,35.47146,0,0.030833960455342906,0.33854166666666674,0,13,58,0.33854166666666674,0.037999968452953836,8,21,1
16274,44.34396,35.498276,0,0.0487877379654826,0.33854166666666674,0,24,60,0.33854166666666674,0.06493075781710418,8,23,1
38103,43.98916,36.523594,0,0.016389002061013753,0.33854166666666674,0,6,13,0.33854166666666674,0.04227500760007214,6,12,1
61491,44.255093,35.56989,0,0.08371501004870674,0.33854166666666674,0,13,24,0.33854166666666674,0.12750818343642145,6,12,1
69849,43.78316,36.125015,0,0.25421495275456724,0.6956521739130435,5,18,24,0.33854166666666674,0.13244186590684662,6,12,1
16255,44.134487,35.496956,0,0.013626429382073167,0.33854166666666674,0,7,60,0.33854166666666674,0.029388658157875846,5,23,1
21054,43.97786,35.676052,0,0.05906009123532245,0.6738197424892703,2,11,60,0.33854166666666674,0.04913965293010129,4,23,1
22324,44.021503,35.721493,0,0.020126616262261185,0.33854166666666674,0,7,60,0.33854166666666674,0.02472427720260531,3,23,1
63442,43.900272,35.693398,0,0.07462082768796637,0.33854166666666674,0,9,24,0.33854166666666674,0.03608413720094407,1,12,1
68538,44.17329,36.01114,0,0.10232570379592178,0.3333333333333333,0,21,24,0.3333333333333333,0.10887350133248513,11,12,1
15554,44.377243,35.4714,0,0.01755553308511203,0.3333333333333333,0,8,58,0.3333333333333333,0.03297487433247171,6,21,1
30152,44.10651,36.02869,0,0.10917908801170005,0.33854166666666674,0,65,84,0.3191489361702128,0.09969998741215261,25,35,1
13282,44.201702,35.38922,0,0.14791193008083753,0.738562091503268,6,46,60,0.3191489361702128,0.08606671730862592,14,23,1
68874,44.150806,36.03803,0,0.13799819796728247,0.3191489361702128,0,23,24,0.3191489361702128,0.16661107402454556,12,12,1
68715,43.707012,36.02505,0,0.14472752790949647,0.5084033613445379,1,17,24,0.3191489361702128,0.10132645100211617,9,12,1
16016,44.134583,35.487938,0,0.02989986351749271,0.3191489361702128,0,21,84,0.3191489361702128,0.03988579721643584,8,35,1
62311,44.022717,35.622326,0,0.07192391810949679,0.3191489361702128,0,15,24,0.3191489361702128,0.08737323478324993,8,12,1
14558,44.333454,35.4351,0,0.03623801941248976,0.3191489361702128,0,21,60,0.3191489361702128,0.04147831641187306,7,23,1
68072,43.752247,35.971436,0,0.06990384565632358,0.3191489361702128,0,13,24,0.3191489361702128,0.05737955832788316,6,12,1
68876,44.173004,36.038185,0,0.08652405201466513,0.3191489361702128,0,14,24,0.3191489361702128,0.07842833862639136,6,12,1
15533,44.145798,35.469986,0,0.014118672381475747,0.3191489361702128,0,8,82,0.3191489361702128,0.017993588049260278,4,35,1
20324,43.96716,35.64891,0,0.018329133995267113,0.3191489361702128,0,9,59,0.3191489361702128,0.032552603823286355,4,23,1
5774,44.807938,35.121193,0,0.029323791081005936,0.2962962962962963,0,10,19,0.2962962962962963,0.07645808871147874,10,14,1
68872,44.128605,36.03787,0,0.13978719789314367,0.5084033613445379,2,21,24,0.2962962962962963,0.11696187819175961,10,12,1
61217,44.288357,35.55206,0,0.08871112129420834,0.2962962962962963,0,18,24,0.2962962962962963,0.1049132023271242,8,12,1
68638,44.206486,36.02038,0,0.0727259134460606,0.2962962962962963,0,12,24,0.2962962962962963,0.08542272914033017,7,12,1
15775,44.13468,35.478924,0,0.011353332183154041,0.2962962962962963,0,2,58,0.2962962962962963,0.02303032386529336,2,23,1
29583,43.77401,35.998707,0,0.02323489366985213,0.29524190286758956,0,8,41,0.29524190286758956,0.03383246253503018,4,20,1
25020,43.83226,35.809963,0,0.10590633917400842,0.5084033613445379,2,64,84,0.2857142857142857,0.06800770204362032,24,35,1
30330,44.150806,36.03803,0,0.03487495206918566,0.2857142857142857,0,18,60,0.2857142857142857,0.08279519960016017,17,23,1
16751,44.35484,35.51637,0,0.04412368661965429,0.2857142857142857,0,36,84,0.2857142857142857,0.05038631420097221,16,35,1
68326,44.50629,35.99494,0,0.21252302060954484,0.33854166666666674,0,24,24,0.2857142857142857,0.18877088139678067,12,12,1
68327,44.517384,35.994987,0,0.20728710248709467,0.33854166666666674,0,24,24,0.2857142857142857,0.156644626581635,12,12,1
68875,44.161907,36.03811,0,0.08817812733917452,0.2857142857142857,0,16,24,0.2857142857142857,0.12142484609426936,11,12,1
54035,44.807938,35.121193,0,0.0722927119673042,0.2857142857142857,0,10,22,0.2857142857142857,0.14434410835885278,10,12,1
5775,44.818913,35.121212,0,0.0254688957839312,0.2857142857142857,0,10,23,0.2857142857142857,0.06636989429052474,10,17,1
13810,44.44381,35.40861,0,0.01884051086355601,0.2857142857142857,0,14,79,0.2857142857142857,0.028626057062799727,8,31,1
63162,44.08835,35.676937,0,0.0649063622482473,0.2857142857142857,0,15,24,0.2857142857142857,0.08522012871272681,8,12,1
29191,43.79647,35.980904,0,0.0611930264738378,0.5663265306122449,2,18,59,0.2857142857142857,0.06084646372781289,7,23,1
68400,43.72964,35.998245,0,0.06743757422050899,0.2857142857142857,0,14,24,0.2857142857142857,0.05957293728753268,7,12,1
68751,44.195297,36.02932,0,0.07399289245487123,0.2857142857142857,0,13,24,0.2857142857142857,0.08009396689569202,7,12,1
21536,43.85607,35.692986,0,0.051558119397629935,0.5663265306122449,2,27,84,0.2857142857142857,0.018215986388417107,6,35,1
29805,44.184383,36.011215,0,0.02342604286027284,0.2857142857142857,0,12,58,0.2857142857142857,0.03707050623111275,5,21,1
59931,44.388264,35.47146,0,0.03532754458313296,0.2857142857142857,0,6,21,0.2857142857142857,0.04441142101476244,5,11,1
63155,43.966812,35.675957,0,0.1062616126697894,0.5663265306122449,3,12,24,0.2857142857142857,0.03528804114245781,3,12,1
32965,43.74897,36.178753,0,0.01495153346243003,0.2857142857142857,0,5,59,0.2857142857142857,0.022338131013048563,2,23,1
29620,44.184475,36.0022,0,0.06912692917105277,0.26373626373626374,0,49,60,0.26373626373626374,0.06704026895276671,18,23,1
28984,43.75225,35.971436,0,0.09657417729475912,0.5084033613445379,2,38,60,0.26373626373626374,0.08864412955854843,15,23,1
15559,44.432354,35.471676,0,0.025951173960764767,0.26373626373626374,0,21,82,0.26373626373626374,0.037244394748139106,12,34,1
29943,43.740444,36.01639,0,0.033278688390863946,0.26373626373626374,0,23,84,0.26373626373626374,0.04413973271786072,11,35,1
68539,44.184383,36.011215,0,0.10915878872128572,0.26373626373626374,0,22,24,0.26373626373626374,0.10333946362669279,11,12,1
15061,44.366367,35.453312,0,0.0360771020304943,0.26373626373626374,0,14,57,0.26373626373626374,0.05428760403929084,9,21,1
29804,44.173286,36.011143,0,0.028956974225140694,0.26373626373626374,0,16,59,0.26373626373626374,0.03613091092419341,9,22,1
16513,44.35491,35.50735,0,0.015328178250785883,0.26373626373626374,0,9,83,0.26373626373626374,0.023156088861827576,7,35,1
29580,43.740734,35.998363,0,0.023523506181594562,0.26373626373626374,0,11,51,0.26373626373626374,0.03608226896309667,7,23,1
73474,43.989155,36.52359,0,0.06792417065297268,0.26373626373626374,0,14,19,0.26373626373626374,0.03065667143389694,3,7,1
15556,44.39929,35.471516,0,0.0068037265641260666,0.26373626373626374,0,3,71,0.26373626373626374,0.011868949828402094,2,27,1
23940,44.009777,35.775494,0,0.0735304916871587,0.21052631578947367,0,62,84,0.21052631578947367,0.07578437039355679,25,35,1
23937,43.976593,35.775215,0,0.04737712449852942,0.21052631578947367,0,52,84,0.21052631578947367,0.04946324818046175,20,35,1
33281,43.737564,36.196663,0,0.06326736734052213,0.21052631578947367,0,56,84,0.21052631578947367,0.05200862784836552,20,35,1
25021,43.843327,35.81007,0,0.0311662783914817,0.21052631578947367,0,24,84,0.21052631578947367,0.038782843287051026,12,35,1
65140,43.987537,35.784325,0,0.08053683078570499,0.21052631578947367,0,21,24,0.21052631578947367,0.08140495691295158,11,12,1
68533,44.10671,36.010662,0,0.08679935680627644,0.21052631578947367,0,17,24,0.21052631578947367,0.09041200566165693,10,12,1
17711,44.354553,35.552433,0,0.03527145252421577,0.21052631578947367,0,21,84,0.21052631578947367,0.03926700897603941,9,35,1
68540,44.19548,36.01129,0,0.05875779450087241,0.26373626373626374,0,14,24,0.21052631578947367,0.06520855414505616,9,12,1
28985,43.76334,35.97155,0,0.08000907894035553,0.2962962962962963,0,34,60,0.21052631578947367,0.04705114646113101,8,23,1
60352,44.377033,35.49845,0,0.051086808200794115,0.21052631578947367,0,11,24,0.21052631578947367,0.06646440193787191,7,12,1
68073,43.76334,35.97155,0,0.09773206397728047,0.2962962962962963,0,15,24,0.21052631578947367,0.0813647794535279,7,12,1
30160,44.195297,36.02932,0,0.03781137291414663,0.21052631578947367,0,18,60,0.21052631578947367,0.03517242197279279,6,23,1
35380,43.74667,36.322964,0,0.08564984258753498,0.5084033613445379,1,35,60,0.21052631578947367,0.03146387461924033,6,23,1
15068,44.4435,35.453693,0,0.020006325794359563,0.21052631578947367,0,8,58,0.21052631578947367,0.026150871187267038,5,22,1
28784,43.785656,35.962765,0,0.02007885807824998,0.21052631578947367,0,11,57,0.21052631578947367,0.02777357557579864,4,20,1
29584,43.785103,35.99882,0,0.024772331707058316,0.21052631578947367,0,8,44,0.21052631578947367,0.03646015520182799,4,21,1
15536,44.17886,35.470215,0,0.006876250724243574,0.21052631578947367,0,2,59,0.21052631578947367,0.01605371428077071,2,23,1
67663,43.71942,35.944046,0,0.08875988066994235,0.26373626373626374,0,17,24,0.16666666666666666,0.0791358891975263,7,12,1
68750,44.184193,36.029247,0,0.03617521338298549,0.16666666666666666,0,6,24,0.16666666666666666,0.024947439919603603,2,12,1
17032,44.806976,35.526955,0,0.037920044413476885,0.1409090909090909,0,41,84,0.1409090909090909,0.04434831001149307,20,35,1
28366,43.730507,35.944164,0,0.07197879654425617,0.5084033613445379,1,57,84,0.1409090909090909,0.04785510929611013,20,35,1
17226,44.288517,35.534027,0,0.04812180970673332,0.3191489361702128,0,34,84,0.1409090909090909,0.04417619264864292,16,35,1
23666,44.00989,35.76648,0,0.051850470464085203,0.21052631578947367,0,42,60,0.1409090909090909,0.048030978585354094,16,23,1
24213,43.98754,35.784325,0,0.09049248075300853,0.33854166666666674,0,45,60,0.1409090909090909,0.06840143829173229,15,23,1
29807,44.206577,36.011364,0,0.031556261560750164,0.1409090909090909,0,16,60,0.1409090909090909,0.06996646843922438,15,23,1
13536,44.212627,35.398308,0,0.052265775633295916,0.5084033613445379,2,36,84,0.1409090909090909,0.028325209570607537,14,35,1
29985,44.206486,36.02038,0,0.021645217109540472,0.1409090909090909,0,12,56,0.1409090909090909,0.052289888806453654,12,22,1
18179,44.255093,35.56989,0,0.10870614489742779,0.5961538461538463,3,43,60,0.1409090909090909,0.04359136292216394,11,23,1
29800,44.128902,36.010826,0,0.013032177572876705,0.1409090909090909,0,12,82,0.1409090909090909,0.0259432780366476,11,34,1
33440,43.73742,36.205677,0,0.030581569016172355,0.1409090909090909,0,25,84,0.1409090909090909,0.036130031391668836,11,35,1
68431,44.184475,36.0022,0,0.09904018912363387,0.26373626373626374,0,22,24,0.1409090909090909,0.09084824769773275,11,12,1
68745,44.128704,36.028854,0,0.061090222860899795,0.1409090909090909,0,16,24,0.1409090909090909,0.09492308293265588,11,12,1
29577,43.707455,35.99801,0,0.05442848312623683,0.26373626373626374,0,42,84,0.1409090909090909,0.034217772446004505,10,35,1
30155,44.139805,36.028934,0,0.013769268821682343,0.1409090909090909,0,10,60,0.1409090909090909,0.03225505833743673,10,23,1
68432,44.19557,36.002274,0,0.06695309341602933,0.1409090909090909,0,19,24,0.1409090909090909,0.058280288319838364,10,12,1
13787,44.190514,35.407177,0,0.09247893368026423,0.5084033613445379,1,35,60,0.1409090909090909,0.03381336945051719,9,23,1
28981,43.718987,35.971085,0,0.0800705117816475,0.2857142857142857,0,41,60,0.1409090909090909,0.03658491439602193,9,23,1
29765,43.74059,36.007378,0,0.03064013538166441,0.1409090909090909,0,20,55,0.1409090909090909,0.03568182286015792,9,23,1
14063,44.44375,35.417625,0,0.011326388181300509,0.1409090909090909,0,8,78,0.1409090909090909,0.02207146986347426,8,30,1
30331,44.161903,36.03811,0,0.018056955557529106,0.1409090909090909,0,8,60,0.1409090909090909,0.039784214955309496,8,23,1
30332,44.173008,36.038185,0,0.025405227028166767,0.1409090909090909,0,15,59,0.1409090909090909,0.029205171316451034,8,23,1
16045,44.454273,35.489807,0,0.011230118674754501,0.1409090909090909,0,8,83,0.1409090909090909,0.019281708113389286,7,34,1
24488,43.99849,35.79343,0,0.033224687025055856,0.1409090909090909,0,17,60,0.1409090909090909,0.0329439961872774,7,23,1
28982,43.73007,35.971203,0,0.07519875470231334,0.33854166666666674,0,38,60,0.1409090909090909,0.02839203588931541,7,23,1
29940,43.70716,36.016037,0,0.036201069043489714,0.1409090909090909,0,22,60,0.1409090909090909,0.03980847343103736,7,23,1
60956,44.365726,35.53446,0,0.06448120952652119,0.1409090909090909,0,13,24,0.1409090909090909,0.06792445149173566,7,12,1
70507,43.737713,36.18765,0,0.04977166340922892,0.1409090909090909,0,15,24,0.1409090909090909,0.048439697191553686,7,12,1
16511,44.33286,35.507236,0,0.025080990738247554,0.33854166666666674,0,14,59,0.1409090909090909,0.02379851039293204,6,22,1
28367,43.741592,35.94428,0,0.02075457957066926,0.1409090909090909,0,16,83,0.1409090909090909,0.023532058626337785,6,35,1
28780,43.741306,35.962307,0,0.021742517596420118,0.1409090909090909,0,12,60,0.1409090909090909,0.026374673884510723,6,23,1
29806,44.19548,36.01129,0,0.01724882445411036,0.1409090909090909,0,11,58,0.1409090909090909,0.028536141076096228,6,21,1
68403,43.76292,35.998592,0,0.06787515720857866,0.33854166666666674,0,14,24,0.1409090909090909,0.03601821101567775,6,12,1
68632,44.106613,36.019676,0,0.04039760769727463,0.1409090909090909,0,10,24,0.1409090909090909,0.045595919649079684,6,12,1
29798,44.106712,36.010662,0,0.014218042061801411,0.1409090909090909,0,7,59,0.1409090909090909,0.020239258945144473,5,22,1
34808,43.702713,36.286438,0,0.03596340403222077,0.1409090909090909,0,26,60,0.1409090909090909,0.022885997550957857,5,23,1
70248,43.79372,36.161182,0,0.04102744228179919,0.33854166666666674,0,7,24,0.1409090909090909,0.03930100677851955,5,12,1
13046,44.377937,35.38124,0,0.017875907785903252,0.1409090909090909,0,7,60,0.1409090909090909,0.019565965169873818,4,23,1
17473,44.365658,35.543472,0,0.014589069950759426,0.1409090909090909,0,6,60,0.1409090909090909,0.021186450423950377,4,23,1
19152,44.376198,35.606644,0,0.01175472203865967,0.1409090909090909,0,4,60,0.1409090909090909,0.025019795860664714,4,23,1
19602,44.022713,35.622326,0,0.06092637269628444,0.33854166666666674,0,29,60,0.1409090909090909,0.032238240913992924,4,23,1
23663,43.976707,35.7662,0,0.031380863866896626,0.26373626373626374,0,16,60,0.1409090909090909,0.024971422840125733,4,23,1
28987,43.78552,35.97178,0,0.038849929450206884,0.3191489361702128,0,18,56,0.1409090909090909,0.0267297619150171,4,21,1
29578,43.718548,35.998127,0,0.042799104131037734,0.33854166666666674,0,32,84,0.1409090909090909,0.0247797082203483,4,35,1
29803,44.16219,36.011063,0,0.007960227070269775,0.1409090909090909,0,4,56,0.1409090909090909,0.018893299804908587,4,21,1
30163,44.228592,36.02954,0,0.007744694967213497,0.1409090909090909,0,4,59,0.1409090909090909,0.014587837855758005,4,23,1
34512,43.736404,36.26877,0,0.021829506259271096,0.1409090909090909,0,16,84,0.1409090909090909,0.014192126231557831,4,35,1
61221,44.34352,35.552372,0,0.03730208781753359,0.1409090909090909,0,9,24,0.1409090909090909,0.036290619359806466,4,12,1
68069,43.718983,35.971085,0,0.042679093436592534,0.1409090909090909,0,10,24,0.1409090909090909,0.042177510350060475,4,12,1
68224,44.506344,35.985924,0,0.015679428300777527,0.1409090909090909,0,4,15,0.1409090909090909,0.028144115905826928,4,8,1
13033,44.234818,35.380417,0,0.020604689437849898,0.21052631578947367,0,11,83,0.1409090909090909,0.016098740119244313,3,34,1
16495,44.15644,35.506126,0,0.006469329876150177,0.1409090909090909,0,3,59,0.1409090909090909,0.014591659426087238,3,23,1
16756,44.40998,35.51665,0,0.035604867562127426,0.1409090909090909,0,20,60,0.1409090909090909,0.015249450704409502,3,23,1
18668,44.3653,35.588554,0,0.00708835153430319,0.1409090909090909,0,3,83,0.1409090909090909,0.015010955017950616,3,35,1
22068,44.054775,35.712746,0,0.008072043354549257,0.1409090909090909,0,3,83,0.1409090909090909,0.014076855448775101,3,34,1
29581,43.751823,35.998478,0,0.021289922155618885,0.2857142857142857,0,7,45,0.1409090909090909,0.01978350259076721,3,19,1
29976,44.106613,36.019676,0,0.01072987547982906,0.1409090909090909,0,4,58,0.1409090909090909,0.020445648337384333,3,21,1
47842,42.81018,37.138668,0,0.006524337090893995,0.1409090909090909,0,4,71,0.1409090909090909,0.010922125355203722,3,31,1
61490,44.24406,35.56982,0,0.015494471004662615,0.1409090909090909,0,3,24,0.1409090909090909,0.023146623059693536,3,12,1
65139,43.976475,35.78423,0,0.03157626962588288,0.1409090909090909,0,8,24,0.1409090909090909,0.031096905987538587,3,12,1
70142,43.793858,36.15217,0,0.07070550172630868,0.42857142857142855,1,11,24,0.1409090909090909,0.035823808147630025,3,12,1
20084,43.98936,35.640083,0,0.006373705776873501,0.1409090909090909,0,3,59,0.1409090909090909,0.010351732375177709,2,22,1
28160,43.75282,35.935383,0,0.007917993851485092,0.1409090909090909,0,5,84,0.1409090909090909,0.0077628749372333945,2,35,1
29585,43.796196,35.998936,0,0.01190038650809169,0.1409090909090909,0,8,55,0.1409090909090909,0.012289639168121197,2,23,1
63007,43.989025,35.66713,0,0.03759803468638592,0.26373626373626374,0,5,24,0.1409090909090909,0.030693721056203636,2,12,1
63299,43.966694,35.68497,0,0.03026964331711184,0.1409090909090909,0,5,24,0.1409090909090909,0.03201108926095684,2,12,1
68749,44.1731,36.02917,0,0.03635315882826436,0.2857142857142857,0,6,24,0.1409090909090909,0.019974125436823097,2,12,1
11283,44.510433,35.318733,0,0.009491161934325405,0.1409090909090909,0,3,56,0.1409090909090909,0.009780575263696951,1,19,1
17228,44.310577,35.534157,0,0.01541492453562933,0.1409090909090909,0,7,84,0.1409090909090909,0.011952213933220594,1,35,1
21312,44.121395,35.6862,0,0.01171855641193142,0.1409090909090909,0,2,58,0.1409090909090909,0.012485809762516257,1,22,1
21809,44.043827,35.70364,0,0.006462764725933503,0.1409090909090909,0,2,84,0.1409090909090909,0.008504628673626197,1,35,1
56175,44.411945,35.24616,0,0.011832467286241327,0.1409090909090909,0,2,11,0.1409090909090909,0.011833367880423893,1,4,1
60957,44.37676,35.534515,0,0.029080811264306516,0.26373626373626374,0,4,24,0.1409090909090909,0.019911058773328147,1,12,1
14801,44.24524,35.4436,0,0.010732175836782036,0.07913669064748201,0,13,84,0.07913669064748201,0.021426024467236633,13,35,1
30154,44.128704,36.028854,0,0.01452997514898466,0.07913669064748201,0,9,60,0.07913669064748201,0.0285026733079194,8,23,1
68426,44.11791,36.001728,0,0.03281716995104134,0.07913669064748201,0,12,24,0.07913669064748201,0.03512002871601469,7,12,1
15294,44.212013,35.46142,0,0.04079284114349202,0.3333333333333333,0,22,60,0.07913669064748201,0.0203908332077793,6,23,1
16281,44.42114,35.49867,0,0.008442411658419278,0.07913669064748201,0,8,77,0.07913669064748201,0.012288863637658524,6,30,1
29799,44.11781,36.010746,0,0.01241409693915614,0.07913669064748201,0,8,60,0.07913669064748201,0.02201333445672708,6,23,1
15804,44.454334,35.480793,0,0.0068960611369833155,0.07913669064748201,0,5,83,0.07913669064748201,0.010911369807718197,5,34,1
16269,44.288834,35.497963,0,0.012693395380421349,0.07913669064748201,0,8,84,0.07913669064748201,0.013115485277736136,5,35,1
20325,43.978203,35.649006,0,0.007372043558223598,0.07913669064748201,0,7,81,0.07913669064748201,0.012214202834446967,5,35,1
34513,43.747536,36.268887,0,0.026896492617194238,0.21052631578947367,0,22,84,0.07913669064748201,0.015532201140835892,5,35,1
64808,44.00989,35.76648,0,0.056642340389381235,0.21052631578947367,0,16,24,0.07913669064748201,0.03516006131966211,5,12,1
11284,44.521435,35.318775,0,0.006772824823156565,0.07913669064748201,0,5,51,0.07913669064748201,0.012137346488709781,4,21,1
16747,44.31073,35.516125,0,0.009300325039807936,0.07913669064748201,0,4,84,0.07913669064748201,0.01196704476808425,4,35,1
28578,43.785793,35.95375,0,0.016371044166522068,0.07913669064748201,0,12,59,0.07913669064748201,0.015235001021137617,4,22,1
32151,43.727463,36.13345,0,0.02125089417160916,0.1409090909090909,0,17,84,0.07913669064748201,0.015390899763798566,4,35,1
58449,44.37794,35.38124,0,0.019944068996354453,0.07913669064748201,0,6,20,0.07913669064748201,0.025642453364667125,4,11,1
62710,43.96716,35.64891,0,0.017549325749642113,0.1409090909090909,0,4,24,0.07913669064748201,0.017367492033827377,3,12,1
68515,43.729496,36.00726,0,0.025244638531639777,0.07913669064748201,0,6,24,0.07913669064748201,0.025129307084396427,3,12,1
34809,43.71385,36.28656,0,0.03132069284687897,0.26373626373626374,0,18,57,0.07913669064748201,0.010725121000294224,2,21,1
62856,43.989136,35.658115,0,0.04409707057850421,0.2857142857142857,0,7,24,0.07913669064748201,0.02057191242993246,2,12,1
68754,44.228592,36.02954,0,0.039967152500491064,0.26373626373626374,0,8,24,0.07913669064748201,0.015354860118192306,2,12,1
14830,44.564762,35.445175,0,0.004903333184784007,0.07913669064748201,0,1,60,0.07913669064748201,0.009763348330677374,1,23,1
15806,44.476383,35.48089,0,0.004564053906353361,0.07913669064748201,0,1,81,0.07913669064748201,0.007184139688486516,1,32,1
29769,43.784966,36.007835,0,0.01157682777294754,0.07913669064748201,0,6,49,0.07913669064748201,0.010318823345071308,1,20,1
29984,44.19539,36.020306,0,0.006396522027655041,0.07913669064748201,0,2,57,0.07913669064748201,0.006457313705408412,1,21,1
62858,44.011227,35.6583,0,0.014620715856004829,0.1409090909090909,0,2,24,0.07913669064748201,0.012154875020005724,1,12,1
67937,43.741306,35.962307,0,0.01677839677515578,0.07913669064748201,0,4,24,0.07913669064748201,0.015108644802493826,1,12,1
68405,43.785107,35.99882,0,0.009216330251012657,0.07913669064748201,0,2,23,0.07913669064748201,0.010703795068293373,1,12,1
68637,44.19539,36.020306,0,0.031997222136946016,0.21052631578947367,0,6,24,0.07913669064748201,0.01617626290479819,1,12,1
28980,43.707897,35.970966,0,0.0610461451066791,0.26373626373626374,0,37,60,0.072992700729927,0.02487716849798285,7,23,1
29621,44.19557,36.002274,0,0.03579580261261808,0.1409090909090909,0,20,59,0.072992700729927,0.02944984662260233,7,22,1
23667,44.02095,35.766567,0,0.023902646668364988,0.072992700729927,0,14,60,0.072992700729927,0.021896831015861335,5,23,1
32967,43.771206,36.17898,0,0.016968705611688353,0.07913669064748201,0,12,84,0.072992700729927,0.01648816479364956,5,35,1
16283,44.443188,35.498775,0,0.006743943133836741,0.072992700729927,0,4,51,0.072992700729927,0.016631177873676593,4,22,1
18715,44.884094,35.590168,0,0.07084752677362897,0.5084033613445379,3,37,83,0.072992700729927,0.012805877579320933,4,34,1
20807,43.94483,35.66675,0,0.02833018234687727,0.5663265306122449,3,9,82,0.072992700729927,0.010205175708724062,4,35,1
28781,43.75239,35.96242,0,0.03643002623222724,0.1409090909090909,0,20,60,0.072992700729927,0.021650557945799995,4,23,1
13030,44.201794,35.380203,0,0.04675991967151432,0.5961538461538463,1,22,60,0.072992700729927,0.013657288125481074,3,23,1
16745,44.288673,35.515995,0,0.008170488777270777,0.072992700729927,0,3,60,0.072992700729927,0.014034136688119678,3,23,1
29613,44.106815,36.001648,0,0.030095705419373193,0.1409090909090909,0,20,60,0.072992700729927,0.014866755253061241,3,23,1
32643,43.760372,36.16084,0,0.023221885091784127,0.072992700729927,0,14,60,0.072992700729927,0.017241756692467296,3,23,1
14562,44.37752,35.435337,0,0.01201954843521102,0.21052631578947367,0,6,51,0.072992700729927,0.008321885257411494,2,20,1
17712,44.365585,35.55249,0,0.015310444791910039,0.1409090909090909,0,9,60,0.072992700729927,0.009539277424207295,2,23,1
58450,44.388947,35.381294,0,0.010470579420144089,0.072992700729927,0,2,21,0.072992700729927,0.016823654981340724,2,11,1
67800,43.785793,35.95375,0,0.014852337016653271,0.072992700729927,0,4,24,0.072992700729927,0.016132118236462285,2,12,1
17945,44.299313,35.56114,0,0.0035945462066552442,0.072992700729927,0,2,58,0.072992700729927,0.004912826759884406,1,22,1
20571,44.022274,35.65839,0,0.003571611740108913,0.072992700729927,0,2,81,0.072992700729927,0.004487027746926465,1,33,1
29978,44.128803,36.01984,0,0.0026880612670395787,0.072992700729927,0,1,80,0.072992700729927,0.0045009303413659964,1,33,1
34954,43.7137,36.29557,0,0.010053267048353166,0.072992700729927,0,4,60,0.072992700729927,0.005825686069662247,1,23,1
47839,42.77643,37.13804,0,0.0045179083008781585,0.07913669064748201,0,4,50,0.072992700729927,0.00353911302998864,1,20,1
28571,43.70819,35.95294,0,0.04104805755971166,0.2857142857142857,0,42,84,0.04854368932038835,0.023357827328147514,13,35,1
15316,44.454456,35.46276,0,0.005761764889558071,0.04854368932038835,0,7,77,0.04854368932038835,0.012852594450694626,7,31,1
28161,43.7639,35.935497,0,0.01676459477410868,0.07913669064748201,0,14,84,0.04854368932038835,0.01603259112758782,5,35,1
20326,43.98925,35.6491,0,0.006633750497012055,0.04854368932038835,0,5,84,0.04854368932038835,0.010038431119194235,4,35,1
17236,44.39882,35.534626,0,0.0035576000468067045,0.04854368932038835,0,3,71,0.04854368932038835,0.007161145559921727,3,27,1
18178,44.244057,35.56982,0,0.02122838529820803,0.5961538461538463,1,6,60,0.04854368932038835,0.009721317796777476,2,23,1
21288,43.856197,35.68397,0,0.03561022143304656,0.5663265306122449,1,16,84,0.04854368932038835,0.007259598814924026,2,35,1
26060,44.075317,35.84814,0,0.009494286079867478,0.04854368932038835,0,5,83,0.04854368932038835,0.01028626427508774,2,34,1
63156,43.97786,35.676052,0,0.023418600641542414,0.21052631578947367,0,4,24,0.04854368932038835,0.01476760106813134,2,12,1
13538,44.234653,35.39845,0,0.005232431381833544,0.04854368932038835,0,1,56,0.04854368932038835,0.0045529612757347,1,21,1
13781,44.12444,35.40672,0,0.0013648485681349606,0.04854368932038835,0,1,9,0.04854368932038835,0.00355272300820994,1,8,1
15781,44.200813,35.479378,0,0.004937921883499244,0.1409090909090909,0,3,48,0.04854368932038835,0.00415684767362901,1,20,1
16730,44.12327,35.514908,0,0.001154389755366398,0.04854368932038835,0,1,26,0.04854368932038835,0.0026839398903772535,1,9,1
35243,43.76909,36.314186,0,0.013308923432356942,0.1409090909090909,0,3,83,0.04854368932038835,0.008413908175727241,1,34,1
62041,44.166443,35.605373,0,0.01542974165999865,0.04854368932038835,0,4,24,0.04854368932038835,0.00999015828437265,1,12,1
66634,43.820263,35.872955,0,0.005991623993778711,0.04854368932038835,0,1,24,0.04854368932038835,0.00690602009438156,1,12,1
33123,43.73771,36.18765,0,0.04197734967253445,0.16666666666666666,0,35,60,0.046413502109704644,0.025329114300548555,8,23,1
68430,44.17338,36.002125,0,0.04687278082018764,0.1409090909090909,0,14,24,0.046413502109704644,0.04053679502051096,7,12,1
16043,44.432228,35.489708,0,0.005588043944398586,0.046413502109704644,0,4,80,0.046413502109704644,0.009192479494197195,4,33,1
16275,44.354984,35.498333,0,0.011286690179457127,0.046413502109704644,0,6,83,0.046413502109704644,0.013233001260973657,4,34,1
16987,44.310654,35.52514,0,0.0073817964354504825,0.046413502109704644,0,4,84,0.046413502109704644,0.010384688051051869,4,35,1
17469,44.32153,35.543232,0,0.02394604887466076,0.1409090909090909,0,16,60,0.046413502109704644,0.01859992033604093,4,23,1
21553,44.043938,35.694626,0,0.01048540000973012,0.046413502109704644,0,8,84,0.046413502109704644,0.011003068669893876,4,35,1
28576,43.763622,35.953526,0,0.017578369794851015,0.21052631578947367,0,13,83,0.046413502109704644,0.011065021635674773,4,34,1
33124,43.74883,36.187767,0,0.013433038788661351,0.1409090909090909,0,8,83,0.046413502109704644,0.015370704305423076,4,35,1
14559,44.34447,35.43516,0,0.005930978281423114,0.046413502109704644,0,4,46,0.046413502109704644,0.008333548806867805,3,17,1
24212,43.976475,35.78423,0,0.02338530087165769,0.1409090909090909,0,10,60,0.046413502109704644,0.021147117073775475,3,23,1
29942,43.72935,36.016273,0,0.011581738561234916,0.046413502109704644,0,5,60,0.046413502109704644,0.011931966829908892,3,23,1
6199,44.083443,35.135914,0,0.007165914705381856,0.046413502109704644,0,3,54,0.046413502109704644,0.00920983720053202,3,22,1
65485,44.097973,35.803234,0,0.02673602602612779,0.046413502109704644,0,7,24,0.046413502109704644,0.02565998406978706,3,12,1
68068,43.707897,35.970966,0,0.045048523161700056,0.1409090909090909,0,10,24,0.046413502109704644,0.019844440198031926,3,12,1
13788,44.201527,35.407253,0,0.019355134520188905,0.1409090909090909,0,12,60,0.046413502109704644,0.011994080499454069,2,23,1
14316,44.443684,35.426643,0,0.0044659105702120295,0.046413502109704644,0,2,66,0.046413502109704644,0.009711306813085869,2,26,1
15069,44.454517,35.453743,0,0.003339430294007444,0.046413502109704644,0,2,81,0.046413502109704644,0.00475499685407905,2,34,1
16025,44.233795,35.48861,0,0.01116035062542369,0.1409090909090909,0,9,84,0.046413502109704644,0.007068533432487227,2,35,1
16509,44.310806,35.507107,0,0.004485415514580907,0.046413502109704644,0,3,82,0.046413502109704644,0.006157163485744026,2,33,1
16520,44.432095,35.50774,0,0.002156435661878231,0.046413502109704644,0,2,49,0.046413502109704644,0.0044989713029427855,2,16,1
16748,44.32176,35.516186,0,0.009256741619758233,0.04854368932038835,0,4,83,0.046413502109704644,0.013191424238782994,2,35,1
16755,44.398952,35.516594,0,0.024896350058376815,0.1409090909090909,0,17,60,0.046413502109704644,0.008410880990619613,2,23,1
18180,44.26613,35.569958,0,0.039993247984476,0.5084033613445379,1,19,84,0.046413502109704644,0.013703275923362986,2,35,1
19151,44.365158,35.606586,0,0.0022161385723547915,0.046413502109704644,0,2,82,0.046413502109704644,0.004703276629427176,2,35,1
19599,43.98959,35.622055,0,0.010228504412956507,0.1409090909090909,0,11,81,0.046413502109704644,0.0038409680874355685,2,32,1
20082,43.967274,35.639896,0,0.004106799465137139,0.046413502109704644,0,2,81,0.046413502109704644,0.008743119334673647,2,35,1
20087,44.022495,35.640358,0,0.01697014311526261,0.1409090909090909,0,13,84,0.046413502109704644,0.007522362346484438,2,35,1
21298,43.966694,35.68497,0,0.009439005815413511,0.1409090909090909,0,5,57,0.046413502109704644,0.010721223558318954,2,23,1
21540,43.900272,35.693398,0,0.056654247108039554,0.6738197424892703,3,11,60,0.046413502109704644,0.012354977581859395,2,23,1
21554,44.05499,35.694714,0,0.009562688246122211,0.046413502109704644,0,5,84,0.046413502109704644,0.009690265784601627,2,35,1
22589,44.021397,35.73051,0,0.0157017865474271,0.1409090909090909,0,7,60,0.046413502109704644,0.011390610793123684,2,23,1
23936,43.96553,35.77512,0,0.014518707266775331,0.07913669064748201,0,5,60,0.046413502109704644,0.015981279457881824,2,23,1
23941,44.02084,35.775585,0,0.016181645777471422,0.046413502109704644,0,6,60,0.046413502109704644,0.013241954688762924,2,23,1
28368,43.752674,35.944397,0,0.011774748238654993,0.1409090909090909,0,10,75,0.046413502109704644,0.008490895707072017,2,30,1
58884,44.201527,35.407253,0,0.048510008184224775,0.26373626373626374,0,9,24,0.046413502109704644,0.011659082138046811,2,12,1
60065,44.17877,35.479233,0,0.02058490070269847,0.046413502109704644,0,3,24,0.046413502109704644,0.02285073306627396,2,12,1
60507,44.343887,35.50729,0,0.019089206902934665,0.04854368932038835,0,5,24,0.046413502109704644,0.021400176747484404,2,12,1
64807,43.976704,35.7662,0,0.02316717704924438,0.046413502109704644,0,5,24,0.046413502109704644,0.017082880334622512,2,12,1
64809,44.02095,35.766567,0,0.03322332789231667,0.072992700729927,0,11,24,0.046413502109704644,0.021601453287111456,2,12,1
65304,43.99849,35.79343,0,0.016493717280238247,0.046413502109704644,0,4,24,0.046413502109704644,0.012353422734848596,2,12,1
67941,43.79674,35.962875,0,0.006615313583738597,0.046413502109704644,0,2,22,0.046413502109704644,0.00980996447504807,2,12,1
70605,43.748684,36.196777,0,0.020100577991974542,0.046413502109704644,0,3,24,0.046413502109704644,0.021915846577272635,2,12,1
13047,44.38895,35.381294,0,0.006352652675936174,0.046413502109704644,0,1,51,0.046413502109704644,0.010239705012148858,1,17,1
13285,44.234734,35.38944,0,0.012917964747645255,0.1409090909090909,0,6,60,0.046413502109704644,0.0075214581402423515,1,23,1
1403,44.020714,34.873936,0,0.0012029313637805957,0.046413502109704644,0,1,19,0.046413502109704644,0.0030760696796818905,1,11,1
14045,44.24549,35.41655,0,0.0032214349746200292,0.046413502109704644,0,1,76,0.046413502109704644,0.004629397244102287,1,33,1
14798,44.212193,35.443394,0,0.005850019870886378,0.046413502109704644,0,1,60,0.046413502109704644,0.00592961199726127,1,23,1
15288,44.145893,35.46097,0,0.002949567414183706,0.046413502109704644,0,1,53,0.046413502109704644,0.006177303428870166,1,22,1
15531,44.123756,35.46983,0,0.013824814675953135,0.04854368932038835,0,5,60,0.046413502109704644,0.011008755853992554,1,23,1
16028,44.266865,35.488815,0,0.004372691167539909,0.046413502109704644,0,1,83,0.046413502109704644,0.004899504317747217,1,34,1
16035,44.344032,35.489258,0,0.00488811186635953,0.046413502109704644,0,1,58,0.046413502109704644,0.008944074037507814,1,23,1
16270,44.29986,35.498028,0,0.004304312012452404,0.046413502109704644,0,1,58,0.046413502109704644,0.00962592310270769,1,23,1
17468,44.310497,35.54317,0,0.004070161107740259,0.046413502109704644,0,1,60,0.046413502109704644,0.004943020405461103,1,23,1
17710,44.34352,35.552372,0,0.0026295108808645443,0.046413502109704644,0,1,59,0.046413502109704644,0.004631227600654511,1,23,1
17941,44.255177,35.560875,0,0.014757630764878666,0.33854166666666674,0,8,84,0.046413502109704644,0.00526087540065364,1,35,1
17951,44.365513,35.561504,0,0.009182790873756057,0.04854368932038835,0,3,60,0.046413502109704644,0.008804903393309612,1,23,1
18189,44.365444,35.570522,0,0.004899648149337509,0.046413502109704644,0,1,58,0.046413502109704644,0.0037899886551227948,1,21,1
18425,44.354336,35.57948,0,0.006505989537342688,0.072992700729927,0,6,83,0.046413502109704644,0.0022794807135405343,1,34,1
18667,44.354263,35.588497,0,0.0026149914200483356,0.046413502109704644,0,2,82,0.046413502109704644,0.0023598174954733197,1,34,1
18957,44.884083,35.599186,0,0.009623838971659561,0.21052631578947367,0,6,74,0.046413502109704644,0.004508357300422089,1,28,1
19360,44.011784,35.613224,0,0.007378370587630975,0.072992700729927,0,6,54,0.046413502109704644,0.0038336523380195497,1,20,1
19361,44.022823,35.613316,0,0.003309074244168806,0.046413502109704644,0,1,59,0.046413502109704644,0.004347627547308387,1,23,1
19603,44.033756,35.622417,0,0.00828029390474105,0.1409090909090909,0,4,60,0.046413502109704644,0.00464344520994056,1,23,1
19844,44.022602,35.631344,0,0.03794097438072977,0.33854166666666674,0,15,60,0.046413502109704644,0.014673274838048266,1,23,1
19845,44.033646,35.63143,0,0.003119360624118463,0.046413502109704644,0,1,58,0.046413502109704644,0.0035579066020213815,1,23,1
19854,44.13303,35.632187,0,0.006799516470618994,0.046413502109704644,0,1,60,0.046413502109704644,0.010043131571553038,1,23,1
21296,43.944595,35.68478,0,0.004238485761495364,0.046413502109704644,0,1,59,0.046413502109704644,0.0048404718867018975,1,23,1
21297,43.955643,35.684875,0,0.004028832431091466,0.046413502109704644,0,2,60,0.046413502109704644,0.005250838331839153,1,23,1
21306,44.055096,35.6857,0,0.008764321451991255,0.072992700729927,0,5,82,0.046413502109704644,0.004736652355267529,1,33,1
21795,43.889095,35.702312,0,0.004486538261338954,0.07913669064748201,0,4,82,0.046413502109704644,0.002636564664831256,1,33,1
21808,44.032776,35.703552,0,0.014355306326043923,0.6738197424892703,1,3,84,0.046413502109704644,0.005615438216875458,1,35,1
22328,44.065723,35.721844,0,0.0159782835041558,0.046413502109704644,0,3,60,0.046413502109704644,0.01470667381997345,1,23,1
23668,44.032017,35.76666,0,0.013831928835816023,0.046413502109704644,0,3,60,0.046413502109704644,0.012225462284866883,1,23,1
25022,43.854393,35.810177,0,0.003172619359347211,0.046413502109704644,0,1,78,0.046413502109704644,0.003671746334903551,1,32,1
25032,43.96506,35.81118,0,0.008637949458017715,0.046413502109704644,0,5,77,0.046413502109704644,0.003092698273452689,1,34,1
27750,43.797424,35.917805,0,0.005746482922326447,0.046413502109704644,0,1,55,0.046413502109704644,0.006049819309650394,1,22,1
27953,43.76404,35.926483,0,0.0046992142463861755,0.072992700729927,0,3,83,0.046413502109704644,0.0032735949185180137,1,34,1
27956,43.79729,35.92682,0,0.0038927403619928354,0.046413502109704644,0,1,46,0.046413502109704644,0.0046686888203380985,1,19,1
27957,43.808372,35.92693,0,0.003228912207431132,0.046413502109704644,0,2,84,0.046413502109704644,0.0030165778265915178,1,35,1
28159,43.741734,35.935265,0,0.004626961342341924,0.04854368932038835,0,4,82,0.046413502109704644,0.0032702628430071484,1,34,1
28371,43.78593,35.944736,0,0.00603813857290211,0.046413502109704644,0,2,57,0.046413502109704644,0.0063384752121202915,1,20,1
28579,43.79688,35.95386,0,0.0065941671065585196,0.046413502109704644,0,3,53,0.046413502109704644,0.0043650100829301835,1,19,1
28785,43.79674,35.962875,0,0.006030345287779617,0.046413502109704644,0,2,53,0.046413502109704644,0.007160934710484984,1,22,1
28983,43.74116,35.97132,0,0.014730644610928515,0.07913669064748201,0,6,60,0.046413502109704644,0.011188670875394354,1,23,1
29619,44.17338,36.002125,0,0.019341546809383506,0.1409090909090909,0,10,58,0.046413502109704644,0.013120490294717081,1,21,1
29947,43.784824,36.01685,0,0.0052317479660960765,0.046413502109704644,0,1,57,0.046413502109704644,0.006094273147717299,1,20,1
30158,44.1731,36.02917,0,0.005213527359092042,0.04854368932038835,0,3,60,0.046413502109704644,0.004967545394325763,1,23,1
32315,43.727318,36.142464,0,0.01207321291962361,0.072992700729927,0,3,60,0.046413502109704644,0.008293269585058095,1,23,1
32646,43.79372,36.161182,0,0.021592607424688937,0.1409090909090909,0,10,60,0.046413502109704644,0.01433086943013033,1,23,1
32807,43.782463,36.170082,0,0.010496489568680508,0.046413502109704644,0,1,84,0.046413502109704644,0.011274619636982704,1,35,1
32968,43.782326,36.179096,0,0.006678970575137394,0.046413502109704644,0,2,60,0.046413502109704644,0.007240817914330027,1,23,1
33122,43.72659,36.187534,0,0.011010166348324269,0.046413502109704644,0,1,60,0.046413502109704644,0.015088982739382263,1,23,1
33282,43.748684,36.196777,0,0.007273753024812026,0.046413502109704644,0,1,58,0.046413502109704644,0.013202077179266901,1,23,1
34661,43.72513,36.277664,0,0.007187585598139227,0.046413502109704644,0,3,83,0.046413502109704644,0.005695389406976767,1,35,1
34663,43.74739,36.2779,0,0.0173806379103525,0.1409090909090909,0,7,60,0.046413502109704644,0.009893770304083182,1,23,1
35098,43.724686,36.304703,0,0.008118064397779921,0.046413502109704644,0,3,59,0.046413502109704644,0.005661000595625179,1,22,1
35099,43.73582,36.30482,0,0.00548678517089992,0.046413502109704644,0,1,80,0.046413502109704644,0.0032600881374444638,1,31,1
38302,43.977753,36.541523,0,0.001216715751070074,0.046413502109704644,0,1,22,0.046413502109704644,0.0021020008085018975,1,11,1
39355,44.52455,36.64412,0,0.0035602034802229526,0.046413502109704644,0,2,82,0.046413502109704644,0.0043611935623935946,1,35,1
41597,43.087704,36.846043,0,0.004077950059062273,0.046413502109704644,0,4,28,0.046413502109704644,0.0021525733990618717,1,9,1
47659,42.77669,37.129032,0,0.004084778888994793,0.046413502109704644,0,1,52,0.046413502109704644,0.00643338359750078,1,27,1
47662,42.81044,37.129658,0,0.002263229015339789,0.046413502109704644,0,1,31,0.046413502109704644,0.0032831813221715707,1,13,1
55865,44.423065,35.228176,0,0.003673002252896343,0.046413502109704644,0,1,7,0.046413502109704644,0.004225958031587135,1,2,1
58586,44.355846,35.39014,0,0.0023089602184914533,0.046413502109704644,0,1,12,0.046413502109704644,0.004452691424287825,1,4,1
58883,44.19051,35.407177,0,0.09039636818017228,0.5663265306122449,1,10,24,0.046413502109704644,0.011331674732856319,1,12,1
59492,44.564762,35.445175,0,0.015158545169747331,0.046413502109704644,0,1,24,0.046413502109704644,0.02424557131155564,1,12,1
59776,44.212017,35.46142,0,0.005575334501089035,0.046413502109704644,0,1,24,0.046413502109704644,0.007860133910161464,1,12,1
5990,44.445717,35.129097,0,0.008023616613793827,0.046413502109704644,0,2,56,0.046413502109704644,0.005685486939349791,1,19,1
59928,44.355206,35.471287,0,0.0035748095156651395,0.046413502109704644,0,1,21,0.046413502109704644,0.006908303455574632,1,11,1
6017,44.80792,35.13021,0,0.0010401651111614282,0.046413502109704644,0,1,26,0.046413502109704644,0.002455645432668792,1,18,1
60354,44.443188,35.498775,0,0.006236763946459557,0.046413502109704644,0,1,24,0.046413502109704644,0.012063380927738114,1,12,1
62444,44.04469,35.63152,0,0.007026150127833853,0.072992700729927,0,2,24,0.046413502109704644,0.0057760629133463415,1,12,1
62571,43.978317,35.63999,0,0.00690126821429611,0.046413502109704644,0,2,24,0.046413502109704644,0.008211247531047785,1,12,1
62857,44.000183,35.658207,0,0.006928413834700965,0.04854368932038835,0,2,24,0.046413502109704644,0.0066255731983524005,1,12,1
63154,43.95576,35.67586,0,0.012655985361923751,0.046413502109704644,0,3,24,0.046413502109704644,0.00823367922684246,1,12,1
63291,43.84515,35.68387,0,0.017901412383695126,0.1409090909090909,0,3,24,0.046413502109704644,0.00735102714434487,1,12,1
63297,43.944595,35.68478,0,0.016363050764850142,0.1409090909090909,0,3,24,0.046413502109704644,0.012029887557051205,1,12,1
64969,43.96553,35.77512,0,0.015986337150712637,0.046413502109704644,0,3,24,0.046413502109704644,0.013743253390669246,1,12,1
64972,44.02084,35.775585,0,0.02552947995122209,0.07913669064748201,0,5,24,0.046413502109704644,0.017144503825616025,1,12,1
67286,43.775265,35.917583,0,0.010924812537704233,0.04854368932038835,0,3,24,0.046413502109704644,0.00854686038049469,1,12,1
67287,43.786346,35.917694,0,0.007760346566471525,0.046413502109704644,0,1,24,0.046413502109704644,0.006115564805882522,1,12,1
67407,43.775127,35.926598,0,0.004797381478395156,0.046413502109704644,0,1,24,0.046413502109704644,0.005752837832886288,1,12,1
67664,43.78593,35.944736,0,0.004722393933972699,0.046413502109704644,0,1,23,0.046413502109704644,0.005691608344764807,1,11,1
67940,43.785656,35.962765,0,0.019409121309967338,0.1409090909090909,0,5,24,0.046413502109704644,0.006944941595137343,1,12,1
68070,43.730072,35.971203,0,0.016316869925013404,0.072992700729927,0,4,24,0.046413502109704644,0.009816376119628769,1,12,1
68074,43.78552,35.97178,0,0.010858580744608118,0.046413502109704644,0,1,23,0.046413502109704644,0.0070589502852147585,1,11,1
68306,44.10692,35.992634,0,0.011475735132457228,0.046413502109704644,0,1,24,0.046413502109704644,0.01387784777165228,1,12,1
70506,43.72659,36.18753,0,0.014680743764675859,0.046413502109704644,0,2,24,0.046413502109704644,0.01338730640136312,1,12,1
